time,ping
1,50.2
2,69.2
3,69.7
4,43.2
5,45.4
6,54
7,62.9
8,44.4
9,53.7
10,60.9
11,81.7
12,57
13,56.4
14,55.5
15,53.7
16,52.7
17,47.8
18,49.8
19,69
20,68
21,71.8
22,78.6
23,44.4
24,62.3
25,60.8
26,51.4
27,59.6
28,57.2
29,56.7
30,73.4
31,48.9
32,49.4
33,84
34,74.5
35,63.2
36,60.8
37,61.1
38,41.5
39,57.6
40,54
41,58.1
42,47.9
43,53.3
44,182
45,50.3
46,67.4
47,66.5
48,52.5
49,47.7
50,53.8
51,61.3
52,59.9
53,50.7
54,43.8
55,56.5
56,57.6
57,54.8
58,51.2
59,70.1
60,49.1
61,47
62,65.9
63,45.1
64,65.6
65,63.1
66,61.3
67,57
68,56.2
69,49.6
70,56.1
71,55
72,53.7
73,52.2
74,42.8
75,80
76,47.9
77,81.3
78,46.4
79,54.7
80,57.2
81,54.4
82,56.4
83,67.7
84,63.2
85,81.8
86,111
87,57.3
88,78.4
89,63.2
90,57.8
91,56.1
92,56.3
93,53.4
94,53.2
95,74.2
96,73.8
97,73.1
98,59.3
99,75.1
100,64.2
101,54.3
102,43.1
103,64.7
104,60.1
105,56.1
106,52.5
107,63.8
108,84
109,49.5
110,47.3
111,88
112,64.8
113,74.3
114,67.4
115,59.7
116,58.4
117,59.8
118,159
119,56.1
120,53.7
121,72.4
122,49.6
123,50.6
124,48.3
125,57.8
126,63.4
127,59
128,60.3
129,60.8
130,57.4
131,55.9
132,42.6
133,53.8
134,53.5
135,52.7
136,41.3
137,48.5
138,76.7
139,57.2
140,44.2
141,45.4
142,62.1
143,58.8
144,51.2
145,48.6
146,59
147,57.3
148,51.7
149,70.3
150,69.1
151,67.7
152,69.1
153,65.7
154,86.1
155,66.1
156,64.6
157,55.4
158,59.2
159,64
160,62
161,59.2
162,55.8
163,62.4
164,42.3
165,51.1
166,53
167,53.2
168,52.7
169,69.2
170,55.9
171,45
172,47.7
173,47.3
174,66.3
175,69.5
176,60.8
177,47
178,50.4
179,58.9
180,51.6
181,55.4
182,74
183,72.6
184,83.6
185,48.8
186,47.2
187,54.1
188,77.2
189,62
190,62.2
191,221
192,57.2
193,55.2
194,55.4
195,115
196,265
197,70.1
198,50.7
199,66.8
200,76
201,94.5
202,48.5
203,102
204,47.3
205,43.4
206,66.5
207,48.9
208,59.9
209,54.1
210,78.7
211,52.6
212,55
213,64.7
214,51
215,526
216,44.1
217,84.5
218,52.9
219,72.7
220,57.4
221,56.8
222,56.4
223,51.4
224,55.3
225,54.1
226,46.1
227,51.5
228,49.5
229,43.5
230,61
231,70.2
232,63.7
233,48.7
234,67.5
235,45.1
236,90.4
237,56.8
238,64.1
239,62.4
240,59.1
241,61.7
242,59.8
243,51.7
244,55
245,61.5
246,56
247,75.8
248,54.2
249,47.3
250,73.9
251,51.1
252,48.5
253,60.5
254,66.5
255,68.3
256,54.3
257,64
258,60.8
259,63.7
260,64.3
261,64
262,78.4
263,60.8
264,68.3
265,53.2
266,56.9
267,57.8
268,63.5
269,72.4
270,71.6
271,50.4
272,66.7
273,74.8
274,76.1
275,63.9
276,75.4
277,61.5
278,40.9
279,60.3
280,58.6
281,61.5
282,58.9
283,60.1
284,50.1
285,48.4
286,67.6
287,61.1
288,109
289,64.1
290,66.6
291,64.8
292,46.8
293,45.4
294,47.3
295,47.9
296,45.7
297,48.9
298,50.1
299,59.9
300,43
301,46.1
302,50.4
303,64.3
304,73.8
305,58.2
306,52
307,56
308,41.5
309,66.1
310,77.5
311,44
312,55.1
313,49.2
314,53.6
315,58.2
316,70.8
317,60.8
318,68
319,56
320,54.9
321,55.3
322,62.4
323,42.8
324,60.9
325,63
326,78.1
327,70.5
328,47.4
329,64.7
330,73.2
331,49.7
332,54.1
333,70.9
334,47.1
335,40.8
336,53.9
337,47
338,51.1
339,59.8
340,82.4
341,67.6
342,67.5
343,47.6
344,46.1
345,48
346,50.6
347,49.4
348,72.3
349,46.9
350,70.3
351,44.9
352,52.9
353,48.2
354,47.5
355,40.7
356,73
357,48
358,47.7
359,56.1
360,68.6
361,62.3
362,76.8
363,60.9
364,66.7
365,57.3
366,59.9
367,58.2
368,57.4
369,86.6
370,54.2
371,53.9
372,83.8
373,60.6
374,49.2
375,63.5
376,66.3
377,74.5
378,44.1
379,57.8
380,121
381,56.1
382,61.5
383,58.2
384,53.5
385,54.3
386,73.1
387,71.8
388,71.3
389,70.1
390,62.7
391,67.3
392,75.4
393,63.8
394,58.9
395,80.6
396,55.5
397,78.5
398,56.2
399,51.1
400,73.2
401,103
402,81
403,61.2
404,46.1
405,50.3
406,68.9
407,43.2
408,73.5
409,63.6
410,64.9
411,63.2
412,57.7
413,56.3
414,58.6
415,66.9
416,55.9
417,62.2
418,60.1
419,52.7
420,47.1
421,91
422,41.3
423,58.1
424,47.3
425,58.7
426,62.3
427,65.9
428,49.9
429,59.8
430,60.7
431,57.7
432,52.2
433,56.3
434,92.4
435,57
436,76.5
437,52.5
438,55.2
439,65.4
440,50
441,46.9
442,76.8
443,64.9
444,87.2
445,61.5
446,53.2
447,45.5
448,54
449,57.7
450,76.8
451,68.4
452,61.4
453,68.1
454,47.4
455,41.4
456,61.1
457,61.2
458,55.6
459,53.5
460,49.8
461,45.2
462,49.4
463,51.9
464,47.1
465,77
466,43.8
467,46.5
468,58.7
469,56.7
470,46.8
471,48.8
472,59.2
473,57.1
474,48.2
475,44.6
476,94.6
477,44.5
478,42.5
479,42
480,47.2
481,52.3
482,52.5
483,48
484,48.5
485,42.6
486,46.1
487,51.5
488,41
489,45.4
490,45.1
491,55.1
492,55.3
493,73.1
494,49.9
495,60.5
496,48
497,47.5
498,69.8
499,65.8
500,48
501,52.8
502,46.5
503,67.9
504,47.5
505,44.6
506,85.4
507,61.8
508,64.5
509,63.9
510,64.6
511,73.1
512,56.2
513,74.3
514,51.3
515,46.4
516,64.1
517,41.2
518,45.1
519,69.9
520,60.3
521,70.3
522,72.5
523,63
524,61.7
525,63.2
526,73.3
527,60.9
528,67.4
529,57.6
530,59.1
531,45.5
532,58.2
533,54.7
534,84.3
535,67.1
536,64.7
537,58.4
538,59.3
539,56.8
540,75.5
541,72.7
542,50.9
543,74.1
544,69.7
545,57.4
546,54.5
547,54.8
548,60.4
549,54.3
550,59.5
551,53.1
552,73.1
553,72
554,64.4
555,72.1
556,52.4
557,63.9
558,92.2
559,69
560,63.4
561,67.9
562,61.9
563,52.2
564,69.9
565,51.4
566,93.3
567,51.7
568,50
569,59.5
570,68.6
571,50.8
572,67.9
573,75.5
574,52.8
575,46.6
576,61.9
577,81.4
578,45.1
579,80.2
580,44.9
581,62
582,43.8
583,46.3
584,61.3
585,42
586,56.2
587,60.6
588,63.8
589,44.7
590,49.2
591,48.8
592,58.9
593,53.9
594,49.5
595,61.9
596,61.8
597,63.6
598,58.9
599,59.1
600,44.2
601,69.6
602,49.3
603,58.1
604,59.6
605,124
606,58.1
607,42.9
608,47.7
609,67.7
610,46.6
611,58.1
612,56.2
613,55.4
614,69.4
615,58.8
616,44.8
617,94.1
618,94.9
619,49
620,82.5
621,68.1
622,49.1
623,43.5
624,57.6
625,43.6
626,42.1
627,50.2
628,45.3
629,45.4
630,43.4
631,410
632,72.8
633,52.9
634,47.5
635,52.6
636,55.1
637,52.9
638,67
639,42.5
640,43.1
641,52.4
642,55.6
643,54.5
644,58.2
645,73.5
646,49.4
647,66.9
648,48.6
649,49
650,52.8
651,440
652,566
653,139
654,66.5
655,1799
656,797
657,52.3
658,54.7
659,51.8
660,51.4
661,64.7
662,89.7
663,44.1
664,72.4
665,63.4
666,40.9
667,63.2
668,61.6
669,61.9
670,59.7
671,57.5
672,63.4
673,57.2
674,50.4
675,52.5
676,53.4
677,67.2
678,68.6
679,87.9
680,56.5
681,40.9
682,55.1
683,46.7
684,65.4
685,55.7
686,57.5
687,60.7
688,48.9
689,53.4
690,44.2
691,70.7
692,48.6
693,46.3
694,61.6
695,63.6
696,59.1
697,58.8
698,45.6
699,78.1
700,43.6
701,55
702,51
703,45.7
704,71.9
705,47.8
706,65.7
707,47.9
708,58.8
709,65
710,40.9
711,62.8
712,67.4
713,59.1
714,60
715,57.8
716,57.7
717,57.1
718,66
719,51.1
720,53.5
721,50.6
722,69.1
723,58.4
724,43.8
725,64.4
726,56.8
727,64.1
728,62.1
729,57
730,70.7
731,62.3
732,75.9
733,51.1
734,53
735,72.5
736,151
737,65.8
738,48.8
739,65.4
740,64
741,63.6
742,88.7
743,61.9
744,59.2
745,56.7
746,56.9
747,95.1
748,52.7
749,68.3
750,46.6
751,59.4
752,42.9
753,64.6
754,67.7
755,57.8
756,60.7
757,69.8
758,77.4
759,60.8
760,50.2
761,53
762,50.5
763,58.6
764,88.8
765,65
766,61.8
767,49.9
768,76.8
769,87.2
770,55.5
771,54.1
772,47.9
773,81.4
774,49.5
775,70.3
776,68.8
777,54.8
778,67.1
779,66
780,48.1
781,41.3
782,59.6
783,59
784,62.1
785,132
786,56.8
787,60.1
788,52.7
789,53.4
790,72.6
791,50.3
792,73.2
793,50.7
794,71.6
795,58
796,67.6
797,41.4
798,62.6
799,61.9
800,62.9
801,60.9
802,50.8
803,74
804,63.7
805,59.5
806,62.7
807,53.1
808,58
809,56.4
810,93.6
811,47.4
812,71.2
813,54.9
814,63.9
815,60.8
816,84.5
817,58.7
818,60
819,58.7
820,119
821,57.3
822,54.6
823,55
824,72.4
825,78.6
826,76.5
827,59.2
828,57
829,53.7
830,64.8
831,56.5
832,62.4
833,57.9
834,57.3
835,55.9
836,54.6
837,54.2
838,52.5
839,56
840,59.9
841,148
842,62.6
843,72.2
844,374
845,59.9
846,72.4
847,52.6
848,59.1
849,55.7
850,78.7
851,53.4
852,1264
853,275
854,48.2
855,46.3
856,68.2
857,62.2
858,73.5
859,46.2
860,64.2
861,64
862,71.2
863,62.4
864,77
865,74.2
866,58.8
867,54.6
868,58.6
869,52.7
870,61.4
871,50.3
872,71.1
873,69.9
874,49.4
875,54.4
876,66.7
877,62.1
878,70.8
879,57.6
880,74.8
881,55.4
882,48.8
883,71.5
884,48.6
885,67.1
886,65.9
887,68
888,42.9
889,65
890,57.9
891,56.3
892,55.5
893,55
894,57.1
895,52.4
896,60.7
897,74
898,53.1
899,71.8
900,49.6
901,50.3
902,44
903,42.7
904,41.8
905,75
906,62.4
907,67.2
908,52
909,58.8
910,55.3
911,79.5
912,53.1
913,54.5
914,53.2
915,63.5
916,96.9
917,97.2
918,62.1
919,75.8
920,78.7
921,60.5
922,63.2
923,62.6
924,87
925,56.8
926,55.7
927,58.4
928,60
929,52
930,86.8
931,49.3
932,71
933,49.7
934,45.7
935,44.1
936,52.7
937,53.6
938,81.7
939,60.2
940,54
941,77.1
942,87.3
943,62.1
944,56
945,68.5
946,54.2
947,60.7
948,51.6
949,43.3
950,74.4
951,44.9
952,56.3
953,44.2
954,47.1
955,60.8
956,74
957,68.8
958,54.7
959,71.5
960,55.1
961,54.2
962,52.2
963,71.8
964,47.3
965,43.9
966,58.8
967,55.7
968,56.7
969,73.8
970,60
971,62.3
972,86.9
973,71.2
974,50
975,41
976,45.7
977,55.2
978,57.3
979,64.1
980,52.4
981,53.8
982,64.8
983,72
984,47.5
985,75.3
986,41.1
987,50.3
988,60.7
989,61.3
990,69.5
991,58.3
992,82.9
993,54.1
994,53.6
995,56.3
996,97.7
997,53.8
998,69.9
999,58.3
1000,43.6
1001,50.4
1002,46.7
1003,45
1004,64.1
1005,44
1006,66.1
1007,44.9
1008,56.3
1009,40.8
1010,43.3
1011,47.3
1012,69
1013,66.4
1014,58
1015,54.6
1016,56.8
1017,106
1018,63.1
1019,51.9
1020,52.4
1021,64.8
1022,54.3
1023,49.4
1024,71.6
1025,56
1026,48.9
1027,45.7
1028,47.8
1029,72.4
1030,72.6
1031,74.1
1032,59.9
1033,59.8
1034,63.5
1035,58
1036,57.1
1037,76.1
1038,73.9
1039,69.5
1040,57.2
1041,55.2
1042,54.4
1043,63.9
1044,59.5
1045,53.2
1046,71.5
1047,57
1048,49.3
1049,65.5
1050,64.6
1051,43.1
1052,46.8
1053,45.9
1054,44.5
1055,41.7
1056,59.8
1057,62.9
1058,56.9
1059,56.7
1060,59.1
1061,56.7
1062,66.1
1063,55
1064,54.5
1065,80
1066,108
1067,54.5
1068,46
1069,50.4
1070,72.9
1071,64.9
1072,45.3
1073,41.2
1074,39.8
1075,83.4
1076,71.5
1077,66.7
1078,54.7
1079,54.1
1080,53.4
1081,52.5
1082,73.7
1083,69.2
1084,48.2
1085,57.7
1086,46.2
1087,68.1
1088,63.9
1089,77.3
1090,53
1091,66
1092,64.8
1093,47.1
1094,70.6
1095,60
1096,52.8
1097,53.7
1098,57.5
1099,66
1100,78.3
1101,67.1
1102,56.3
1103,52.9
1104,56
1105,55.6
1106,54.5
1107,43.9
1108,73.3
1109,47.4
1110,49.5
1111,49.5
1112,61.6
1113,60.4
1114,43.8
1115,47.8
1116,46.9
1117,46
1118,44.9
1119,44.5
1120,53.1
1121,54.3
1122,49.8
1123,68.6
1124,47.1
1125,56.3
1126,46.4
1127,69.7
1128,44.8
1129,92.4
1130,92.7
1131,62.5
1132,105
1133,70.9
1134,40.4
1135,68.9
1136,67.4
1137,86.8
1138,52.9
1139,45.3
1140,71.9
1141,59.6
1142,57.9
1143,60.2
1144,70.8
1145,58.2
1146,77.1
1147,62.2
1148,54.3
1149,98.6
1150,56.7
1151,81.2
1152,45
1153,47.6
1154,63
1155,46.5
1156,64
1157,63.5
1158,52.4
1159,150
1160,62.3
1161,55.2
1162,54.9
1163,58.9
1164,57.5
1165,52
1166,50.9
1167,60
1168,58.8
1169,47
1170,55.6
1171,44.6
1172,52.8
1173,65.7
1174,66
1175,66
1176,62.2
1177,71.6
1178,61.8
1179,60.1
1180,50.8
1181,54.4
1182,56.3
1183,581
1184,74.9
1185,193
1186,228
1187,58.3
1188,80.3
1189,74.7
1190,47.9
1191,64.6
1192,74.4
1193,51.4
1194,62.9
1195,48.9
1196,56.9
1197,61
1198,63.9
1199,54.4
1200,56.5
1201,51.8
1202,54.4
1203,59.3
1204,48.4
1205,42.5
1206,46.1
1207,68
1208,57.5
1209,85.9
1210,80.7
1211,69.4
1212,63
1213,59.7
1214,61
1215,50.6
1216,55.5
1217,53.7
1218,58
1219,74.5
1220,51.3
1221,52.9
1222,48
1223,71
1224,69.4
1225,48.4
1226,48.8
1227,60.9
1228,61
1229,41.4
1230,59.8
1231,57.6
1232,60.8
1233,55.8
1234,56.9
1235,82.2
1236,76.3
1237,46.7
1238,70.9
1239,90.2
1240,56.1
1241,59.5
1242,67.1
1243,85.4
1244,63.9
1245,44.7
1246,62.5
1247,83.2
1248,74.5
1249,48.2
1250,54
1251,52.9
1252,52.9
1253,51
1254,64.2
1255,57.8
1256,52
1257,47.3
1258,61.4
1259,48.5
1260,57.9
1261,42.7
1262,61.1
1263,40.9
1264,58.7
1265,48.1
1266,61
1267,46.6
1268,43.4
1269,57.7
1270,43.4
1271,41.9
1272,49.8
1273,44.5
1274,44.9
1275,48.7
1276,42
1277,41.3
1278,45.4
1279,64.2
1280,53.4
1281,42.5
1282,40.8
1283,49.1
1284,43.8
1285,41.8
1286,55
1287,54.5
1288,52.8
1289,55.2
1290,50.5
1291,43.3
1292,43.4
1293,66.7
1294,54.9
1295,51.2
1296,48.2
1297,86
1298,46.8
1299,62.3
1300,65
1301,138
1302,62.5
1303,66
1304,55.5
1305,59.2
1306,72.8
1307,54.9
1308,70.9
1309,82.9
1310,48.9
1311,50
1312,49.4
1313,49.4
1314,46.2
1315,56.1
1316,75.5
1317,65.5
1318,64.7
1319,64.7
1320,70.7
1321,69.4
1322,40.8
1323,44.5
1324,63.5
1325,58.7
1326,53.9
1327,57.8
1328,47
1329,45.8
1330,51.5
1331,60.9
1332,45.4
1333,57.8
1334,57.3
1335,42
1336,67.7
1337,48.1
1338,44.7
1339,43.1
1340,42.5
1341,40.5
1342,44
1343,43.7
1344,43.7
1345,44
1346,77.7
1347,51.6
1348,51.7
1349,45.5
1350,58.7
1351,60.5
1352,59.7
1353,74.3
1354,56.1
1355,46.6
1356,53
1357,82.5
1358,73.2
1359,72.2
1360,70.3
1361,65
1362,78.8
1363,66.1
1364,64
1365,62.9
1366,59.1
1367,58.5
1368,91.9
1369,60.7
1370,58.5
1371,66.7
1372,51.9
1373,54
1374,55.7
1375,74.1
1376,52.6
1377,65.2
1378,48.7
1379,68.2
1380,63.5
1381,64
1382,73.6
1383,63.6
1384,49.5
1385,61.3
1386,69.9
1387,61.4
1388,48.3
1389,76.8
1390,53.1
1391,45.9
1392,59.7
1393,137
1394,86.8
1395,60.9
1396,44.1
1397,48.8
1398,55.2
1399,48
1400,55.1
1401,40.8
1402,59
1403,103
1404,81.9
1405,58.1
1406,60.5
1407,88.4
1408,61
1409,59.8
1410,58.2
1411,51.5
1412,50.6
1413,49.8
1414,48
1415,50.3
1416,66.3
1417,46.8
1418,47.4
1419,67.7
1420,46.3
1421,66.2
1422,42.4
1423,47.1
1424,50.1
1425,49.8
1426,54.1
1427,52.1
1428,103
1429,69.1
1430,59
1431,62.2
1432,63.1
1433,62.2
1434,82.1
1435,82.3
1436,59
1437,82.2
1438,60.5
1439,69.1
1440,59.6
1441,62.9
1442,87.3
1443,59.9
1444,59.5
1445,54.5
1446,63.6
1447,58.7
1448,64.2
1449,57.2
1450,60.4
1451,57.1
1452,58.5
1453,71
1454,61.1
1455,60.5
1456,59.9
1457,57.7
1458,57.8
1459,57.2
1460,61.3
1461,57
1462,56.9
1463,59.1
1464,60.8
1465,56
1466,75.7
1467,58.1
1468,61
1469,55.1
1470,58
1471,55.3
1472,53.3
1473,55
1474,65.8
1475,54.1
1476,57.6
1477,53.8
1478,56.6
1479,76.3
1480,53.3
1481,62.6
1482,53.5
1483,83.3
1484,53.4
1485,72.9
1486,60.9
1487,54.8
1488,64.1
1489,56.1
1490,50.8
1491,52.8
1492,104
1493,72.5
1494,49.6
1495,50.4
1496,50.8
1497,70.4
1498,47.1
1499,50
1500,67.2
1501,57.2
1502,111
1503,75.3
1504,59.2
1505,68.7
1506,60.7
1507,48.7
1508,44.8
1509,72.7
1510,62.7
1511,46.2
1512,42.2
1513,68.1
1514,63.1
1515,72.2
1516,43.5
1517,58.1
1518,48
1519,73.2
1520,76.1
1521,66.6
1522,57.8
1523,66.1
1524,66.5
1525,46.6
1526,43
1527,61.1
1528,57.3
1529,43
1530,62.9
1531,53.3
1532,42.5
1533,42.4
1534,66.8
1535,64.5
1536,64.3
1537,63.9
1538,74.3
1539,63.6
1540,62.8
1541,58.3
1542,51.5
1543,62.2
1544,54.1
1545,68.8
1546,61.6
1547,60.6
1548,61.5
1549,58.5
1550,56.8
1551,69.3
1552,70.9
1553,60.3
1554,60.4
1555,60
1556,61.7
1557,62.8
1558,56.2
1559,80.4
1560,88.5
1561,58.6
1562,58.1
1563,58.4
1564,58
1565,67.8
1566,74.5
1567,54
1568,54.6
1569,77.5
1570,58.9
1571,54.4
1572,55.8
1573,57
1574,59.2
1575,56.6
1576,56.3
1577,66.9
1578,57.6
1579,59.6
1580,57.5
1581,56.2
1582,65.6
1583,63.4
1584,78.2
1585,72.1
1586,56
1587,42
1588,64.3
1589,46.1
1590,56.2
1591,57.3
1592,46.3
1593,59.2
1594,61.5
1595,55.2
1596,50
1597,70.7
1598,50.6
1599,63.6
1600,72.9
1601,50.6
1602,76.3
1603,72.4
1604,72.2
1605,54.2
1606,57.3
1607,47.3
1608,80.9
1609,66.3
1610,60.9
1611,70
1612,55.7
1613,58.4
1614,75.5
1615,55.9
1616,44.6
1617,44.5
1618,47.9
1619,43.9
1620,45.3
1621,67
1622,62.5
1623,55.8
1624,71
1625,76.6
1626,46.8
1627,50.8
1628,61.8
1629,55.1
1630,60.3
1631,64.6
1632,64.3
1633,45.6
1634,39.9
1635,60.2
1636,46.7
1637,67.6
1638,57.6
1639,77.7
1640,45
1641,61.2
1642,59.6
1643,77.6
1644,52.7
1645,60.8
1646,42.2
1647,61.2
1648,62.3
1649,62.5
1650,68.9
1651,45.9
1652,54.5
1653,54.1
1654,55.9
1655,47.1
1656,61.4
1657,57.3
1658,42.8
1659,55
1660,55.2
1661,45.2
1662,55.8
1663,58.7
1664,45.2
1665,52.1
1666,48.9
1667,43.9
1668,53.6
1669,58.8
1670,56.8
1671,53
1672,47.7
1673,61.8
1674,61
1675,51.7
1676,55
1677,59.6
1678,53.2
1679,56.3
1680,51.1
1681,43.7
1682,49.5
1683,62.3
1684,91.5
1685,44.2
1686,59.7
1687,77.6
1688,45.1
1689,44.2
1690,52.9
1691,60.6
1692,46.6
1693,90.8
1694,49.2
1695,53.5
1696,63.4
1697,53.3
1698,58.8
1699,73.1
1700,52.1
1701,65.1
1702,42.7
1703,46.6
1704,70.2
1705,59.3
1706,48.8
1707,42.5
1708,60.6
1709,87.9
1710,59.2
1711,47.5
1712,51.3
1713,72.9
1714,48.2
1715,57.6
1716,70.9
1717,49
1718,45.2
1719,62.1
1720,61.7
1721,50.7
1722,58.7
1723,66.6
1724,58.2
1725,77.5
1726,46.6
1727,57.1
1728,50.9
1729,72.7
1730,61.2
1731,46
1732,46.3
1733,45
1734,69
1735,52.8
1736,46.8
1737,44.2
1738,58.8
1739,60.2
1740,59.1
1741,57
1742,68.8
1743,45
1744,59.5
1745,70.6
1746,49.8
1747,58
1748,62.5
1749,49.4
1750,48.1
1751,54.9
1752,65.7
1753,62.2
1754,43.6
1755,59.7
1756,58.1
1757,55.6
1758,43.8
1759,66.8
1760,51.4
1761,57.3
1762,46.2
1763,58.5
1764,73.8
1765,67.3
1766,63.5
1767,49.2
1768,61.7
1769,80.5
1770,51.1
1771,50
1772,53.4
1773,60.4
1774,54.9
1775,59.2
1776,57.9
1777,62.7
1778,54.9
1779,57.7
1780,68.5
1781,57.8
1782,63.5
1783,42.7
1784,63.7
1785,54.3
1786,63.6
1787,49.9
1788,56.3
1789,55.2
1790,54.1
1791,42.8
1792,54.9
1793,54.4
1794,70
1795,66.9
1796,43.2
1797,49.9
1798,69.4
1799,60
1800,72.3
1801,63
1802,49.6
1803,60.8
1804,45
1805,84
1806,53.3
1807,46.2
1808,49.9
1809,57.5
1810,68.5
1811,52.4
1812,56
1813,63.5
1814,71.5
1815,50.8
1816,83.8
1817,80.8
1818,42
1819,51.4
1820,65.2
1821,72.9
1822,58
1823,58.3
1824,63.7
1825,52.1
1826,81.1
1827,52.3
1828,48.9
1829,68
1830,46.3
1831,69.5
1832,43.9
1833,60.8
1834,63.8
1835,52.3
1836,67.5
1837,56.8
1838,45.8
1839,58
1840,67
1841,63
1842,65.1
1843,49.8
1844,51.7
1845,45.2
1846,76.3
1847,46.1
1848,49.8
1849,67.3
1850,58.9
1851,84.8
1852,53.6
1853,51.5
1854,68.3
1855,95.3
1856,57.3
1857,41.8
1858,52.9
1859,54.2
1860,81
1861,56
1862,43.1
1863,113
1864,58.5
1865,51.8
1866,48.6
1867,61.5
1868,59.2
1869,58.2
1870,70.9
1871,63.4
1872,41.6
1873,41.2
1874,61.3
1875,67.9
1876,60
1877,62.7
1878,54.7
1879,50
1880,44.8
1881,68.1
1882,46.3
1883,63.7
1884,67.2
1885,43.3
1886,49.8
1887,57.8
1888,49
1889,57.7
1890,63.3
1891,47
1892,54.6
1893,49
1894,57.3
1895,41.4
1896,65.1
1897,64.9
1898,47
1899,56.6
1900,51.1
1901,63.5
1902,79
1903,61.5
1904,56
1905,56
1906,43.4
1907,52.2
1908,53.7
1909,71.7
1910,68.7
1911,56.9
1912,65.6
1913,58.6
1914,65.1
1915,62
1916,74.4
1917,110
1918,54.3
1919,60.2
1920,66.1
1921,55.2
1922,54.7
1923,52.7
1924,54.5
1925,60.1
1926,61.9
1927,47.8
1928,85.5
1929,69.5
1930,53.4
1931,42.5
1932,71.4
1933,48.1
1934,58.5
1935,59.7
1936,55.3
1937,54.3
1938,84.3
1939,57.8
1940,54.3
1941,51.1
1942,50.3
1943,61.3
1944,50.2
1945,84.2
1946,44.6
1947,63.4
1948,66.4
1949,40.7
1950,61.4
1951,42.2
1952,58.7
1953,67.6
1954,58.1
1955,47.4
1956,51.7
1957,52.5
1958,71.4
1959,67.7
1960,65.8
1961,67.1
1962,72.5
1963,44.9
1964,41.4
1965,50
1966,59.3
1967,80.6
1968,59.1
1969,58.5
1970,45
1971,54.6
1972,65.3
1973,50.9
1974,53.9
1975,63
1976,44.9
1977,52.3
1978,52.3
1979,58.1
1980,43.9
1981,58.6
1982,51.4
1983,58.6
1984,56.6
1985,53.6
1986,62.6
1987,72.2
1988,51.6
1989,70.6
1990,54.3
1991,57.9
1992,68.1
1993,55
1994,61.3
1995,60.6
1996,49.1
1997,58.1
1998,50
1999,66.4
2000,54.5
2001,63.9
2002,42.1
2003,63.8
2004,59.9
2005,65.7
2006,73.8
2007,49.7
2008,64.1
2009,61.5
2010,54.1
2011,43.2
2012,59.6
2013,61.3
2014,55.6
2015,56.7
2016,44.1
2017,47.7
2018,80.1
2019,57
2020,58.8
2021,44.3
2022,52.9
2023,47.7
2024,51.3
2025,50.6
2026,73.1
2027,72.2
2028,66.8
2029,64.8
2030,48.1
2031,55.9
2032,64.7
2033,59.7
2034,60.3
2035,67.8
2036,54.5
2037,52.5
2038,52
2039,53.5
2040,49.4
2041,51.1
2042,60.1
2043,79.1
2044,47.7
2045,77.8
2046,42.4
2047,53.7
2048,53.8
2049,41.6
2050,74.7
2051,72.2
2052,54.9
2053,54.6
2054,64.9
2055,77.7
2056,50.3
2057,48.8
2058,46.7
2059,42.5
2060,44.4
2061,63.8
2062,58.5
2063,50.6
2064,53.6
2065,60.4
2066,56.1
2067,55
2068,54.5
2069,64
2070,73.2
2071,61.3
2072,76.4
2073,64.9
2074,48.3
2075,44.2
2076,73.8
2077,52.4
2078,44
2079,54.8
2080,76.9
2081,81
2082,46.8
2083,56
2084,55.4
2085,57.1
2086,53.5
2087,65
2088,53.8
2089,56.8
2090,69.9
2091,51
2092,68.3
2093,56.9
2094,61.5
2095,40.7
2096,61.7
2097,59.8
2098,58.8
2099,57.7
2100,52.8
2101,54.7
2102,73.2
2103,64.4
2104,43.1
2105,67.4
2106,75.4
2107,48.4
2108,44.7
2109,67.5
2110,45.3
2111,49.9
2112,59.5
2113,43
2114,76.7
2115,70.2
2116,57.4
2117,53.1
2118,54.8
2119,75.3
2120,53.3
2121,58.6
2122,62.1
2123,70.3
2124,64.9
2125,48.7
2126,63.4
2127,80.3
2128,65.1
2129,62.5
2130,58.4
2131,60
2132,58.7
2133,53.4
2134,53.1
2135,47.7
2136,50.1
2137,67.4
2138,55.9
2139,53
2140,60.2
2141,60.3
2142,49.1
2143,58
2144,57.4
2145,67.5
2146,54.1
2147,52.9
2148,47.6
2149,51.1
2150,66
2151,49
2152,67.9
2153,63.6
2154,75.8
2155,41.6
2156,64.4
2157,46.7
2158,61.6
2159,59.6
2160,53.4
2161,55.7
2162,45.9
2163,68.9
2164,69.2
2165,66.2
2166,63.2
2167,56.1
2168,58.7
2169,39.9
2170,64.5
2171,62.6
2172,66.9
2173,41.7
2174,75.1
2175,58.6
2176,47.5
2177,55.8
2178,77.5
2179,43.3
2180,52.6
2181,53.9
2182,50.8
2183,70.8
2184,45.1
2185,47.1
2186,58
2187,46.8
2188,60.2
2189,63.2
2190,62.6
2191,57.1
2192,59.6
2193,53.5
2194,56.4
2195,75.6
2196,50
2197,59.6
2198,50.8
2199,47.2
2200,45.5
2201,53.9
2202,43.6
2203,72.5
2204,61.4
2205,70.5
2206,47.7
2207,57.6
2208,86.9
2209,60.2
2210,58.5
2211,56.4
2212,72
2213,55.6
2214,70.2
2215,49
2216,68.5
2217,57.9
2218,56.9
2219,66.3
2220,56.2
2221,44.1
2222,43.7
2223,62.6
2224,44.3
2225,55.5
2226,58.5
2227,57.4
2228,66
2229,64.8
2230,75.1
2231,57.4
2232,57.1
2233,64.8
2234,54.7
2235,55.4
2236,48.5
2237,74.4
2238,136
2239,69.7
2240,63.7
2241,42
2242,65.2
2243,83.6
2244,62.4
2245,57.2
2246,56
2247,59
2248,59.6
2249,57.3
2250,46.1
2251,59.9
2252,49.1
2253,48.1
2254,80.8
2255,57.9
2256,55.1
2257,57.8
2258,82.6
2259,41.1
2260,65
2261,54.9
2262,43.8
2263,47
2264,71.6
2265,55.5
2266,57.8
2267,56.9
2268,55.1
2269,55.4
2270,53.2
2271,63.9
2272,46.2
2273,69.6
2274,44.6
2275,45.5
2276,60.8
2277,72.9
2278,81.7
2279,61.7
2280,64.9
2281,81.1
2282,62.6
2283,54.9
2284,50.9
2285,55.9
2286,55.1
2287,92.3
2288,74
2289,67.2
2290,49.3
2291,55
2292,66.7
2293,45.4
2294,64.4
2295,40.6
2296,333
2297,92.8
2298,80.4
2299,57
2300,55.1
2301,63.9
2302,52.5
2303,54.2
2304,48.6
2305,52.1
2306,47.4
2307,69.4
2308,54.8
2309,61.3
2310,45.1
2311,51.9
2312,65.7
2313,68.3
2314,60.9
2315,52.7
2316,57.7
2317,57.9
2318,56.6
2319,66.5
2320,54.8
2321,49.4
2322,63.2
2323,59.7
2324,64.9
2325,49.1
2326,64.3
2327,63.3
2328,70.9
2329,54.1
2330,62.5
2331,53.8
2332,60.5
2333,59.7
2334,52.5
2335,54.1
2336,53.3
2337,75.6
2338,55.8
2339,48.6
2340,47.9
2341,50.4
2342,54.3
2343,47.7
2344,45.1
2345,44.8
2346,58.8
2347,56.7
2348,58.4
2349,53.9
2350,56.9
2351,52.6
2352,55.5
2353,69.2
2354,52.2
2355,73.4
2356,73.1
2357,68.8
2358,45.2
2359,64.3
2360,67.7
2361,61.4
2362,65.2
2363,62.6
2364,49.7
2365,59.2
2366,45.1
2367,57.7
2368,56.4
2369,56.7
2370,54.8
2371,54.5
2372,50.2
2373,68.4
2374,47.2
2375,68.2
2376,65.7
2377,44.5
2378,60.5
2379,54.6
2380,54.8
2381,60.6
2382,59.6
2383,68.2
2384,57.3
2385,56.4
2386,55.1
2387,52.3
2388,48.1
2389,72.5
2390,51.6
2391,71.1
2392,66.6
2393,75
2394,64.8
2395,94.3
2396,61.9
2397,55.8
2398,59
2399,58.2
2400,71.3
2401,50.4
2402,53.8
2403,56.5
2404,64
2405,85.6
2406,57.7
2407,70
2408,59.2
2409,44.9
2410,67.2
2411,46.1
2412,65
2413,61.1
2414,44.4
2415,42.7
2416,42.3
2417,79.1
2418,78
2419,61.2
2420,68
2421,42.5
2422,60.4
2423,87.2
2424,68
2425,73.4
2426,59.7
2427,57.1
2428,45.8
2429,63
2430,43.8
2431,59.4
2432,50.3
2433,61
2434,59.1
2435,55.9
2436,56.4
2437,66.9
2438,56.4
2439,73.9
2440,74
2441,40.5
2442,75.8
2443,52.8
2444,58.3
2445,66.7
2446,65.5
2447,151
2448,44.4
2449,42.7
2450,71.6
2451,64.4
2452,67.2
2453,61.5
2454,94.7
2455,48.9
2456,72.9
2457,60.8
2458,58.2
2459,66.6
2460,48.6
2461,57
2462,96.1
2463,78.5
2464,66.6
2465,47.7
2466,53.7
2467,60.5
2468,52.6
2469,54.5
2470,71.6
2471,71.6
2472,53.5
2473,72.5
2474,97
2475,78.2
2476,68.2
2477,52.5
2478,78.6
2479,68.3
2480,51.9
2481,51
2482,48.1
2483,67.1
2484,67.7
2485,76.8
2486,48.5
2487,54.8
2488,53.7
2489,67.5
2490,47.2
2491,67
2492,56.8
2493,45.5
2494,64.1
2495,55.8
2496,69.8
2497,64.2
2498,84.8
2499,43.2
2500,59.1
2501,49.7
2502,59.7
2503,62.2
2504,54.4
2505,62.9
2506,50.9
2507,64.5
2508,60.6
2509,43.2
2510,49.4
2511,64.2
2512,62.5
2513,81.1
2514,43.7
2515,60.8
2516,58.9
2517,61.3
2518,59.8
2519,60.4
2520,56.9
2521,61.9
2522,56.9
2523,59.3
2524,58.1
2525,57
2526,60.5
2527,47
2528,59.8
2529,59.9
2530,59.6
2531,56.6
2532,66.6
2533,60.7
2534,61.1
2535,62.2
2536,55.5
2537,55.9
2538,57.1
2539,57.9
2540,53.9
2541,57.6
2542,113
2543,56.4
2544,56.5
2545,63.7
2546,58.6
2547,57.3
2548,84
2549,57.9
2550,48.6
2551,46.8
2552,56.9
2553,66.8
2554,54
2555,62
2556,46.7
2557,84.2
2558,51.1
2559,65.8
2560,84.6
2561,78
2562,83
2563,54.6
2564,50.2
2565,50.3
2566,50.2
2567,50.3
2568,54.2
2569,54.9
2570,40.3
2571,53.3
2572,53.4
2573,73.5
2574,40.5
2575,55.5
2576,50.5
2577,53.2
2578,39.8
2579,53.7
2580,63.9
2581,72.3
2582,54.8
2583,48.3
2584,61.8
2585,64.5
2586,51.4
2587,48.5
2588,50.6
2589,70.1
2590,43.9
2591,86.2
2592,66.9
2593,66.1
2594,59.2
2595,60.5
2596,42.1
2597,50.2
2598,67.8
2599,60.5
2600,49.9
2601,57.3
2602,50.2
2603,56.5
2604,49.6
2605,69.4
2606,50.7
2607,67.7
2608,50.4
2609,50.7
2610,70.6
2611,73.4
2612,67.8
2613,71.6
2614,67.1
2615,42.8
2616,60.5
2617,48
2618,60.9
2619,52.6
2620,66.8
2621,67.7
2622,71.3
2623,67.2
2624,60.2
2625,50.5
2626,82.2
2627,71.2
2628,56.3
2629,50.9
2630,47.8
2631,47.3
2632,72.5
2633,48.6
2634,64.6
2635,43.9
2636,49.5
2637,87.1
2638,57.1
2639,66.5
2640,54
2641,48.4
2642,57.4
2643,64.2
2644,67.5
2645,64.2
2646,46.9
2647,62.2
2648,59.2
2649,63.9
2650,44.2
2651,51
2652,41.4
2653,86.7
2654,44.4
2655,50.8
2656,45.2
2657,44.2
2658,40.3
2659,63.3
2660,45.5
2661,70.3
2662,63.4
2663,53.4
2664,60.5
2665,69.5
2666,63.2
2667,60.7
2668,59.5
2669,49.6
2670,91.9
2671,62.5
2672,88.5
2673,62.9
2674,50.2
2675,51.9
2676,63.8
2677,60.1
2678,59.3
2679,63.2
2680,59.3
2681,79.1
2682,56.6
2683,62.9
2684,63.3
2685,54.4
2686,58
2687,58.4
2688,58.4
2689,57.5
2690,42.7
2691,61.6
2692,72.2
2693,58.1
2694,68.1
2695,68.6
2696,59.7
2697,61.4
2698,56.5
2699,46.5
2700,49.6
2701,51.6
2702,61.1
2703,51.9
2704,60.6
2705,63.8
2706,66.5
2707,60.7
2708,59.8
2709,49.7
2710,60.5
2711,71.9
2712,60.4
2713,57.2
2714,46.7
2715,56.5
2716,59.4
2717,54.9
2718,40.8
2719,56
2720,58.6
2721,59.8
2722,109
2723,69
2724,57.5
2725,53.5
2726,56.2
2727,48.2
2728,94.8
2729,48.3
2730,53.4
2731,53.3
2732,53.3
2733,66.9
2734,57
2735,53.9
2736,43.4
2737,57.5
2738,53.5
2739,53.5
2740,53.6
2741,47.1
2742,48.3
2743,72
2744,53.6
2745,53.7
2746,57.1
2747,58.3
2748,56
2749,87.8
2750,53.9
2751,58.8
2752,57.1
2753,43.8
2754,102
2755,53.9
2756,59.9
2757,58.6
2758,58.4
2759,54
2760,57.7
2761,60.2
2762,64.5
2763,57.3
2764,83.3
2765,54.2
2766,57.3
2767,57.6
2768,93.1
2769,73.3
2770,58.4
2771,54.3
2772,57.5
2773,54.4
2774,85.5
2775,57.4
2776,57.4
2777,58.6
2778,80
2779,44.5
2780,58.6
2781,58.6
2782,53.2
2783,74.5
2784,58.7
2785,58.6
2786,54.5
2787,57
2788,67.3
2789,77.9
2790,49.7
2791,58.8
2792,54.4
2793,77.7
2794,67.1
2795,53.7
2796,52.8
2797,53.3
2798,56.6
2799,75.1
2800,80.6
2801,54.3
2802,79.3
2803,65.9
2804,78
2805,46.8
2806,60.5
2807,70.7
2808,66.4
2809,69.4
2810,48.4
2811,80.4
2812,67.7
2813,50.1
2814,84.6
2815,68.6
2816,65.1
2817,67.7
2818,66.9
2819,67.3
2820,46.1
2821,46.3
2822,63.4
2823,67.3
2824,53.9
2825,50.5
2826,61.8
2827,52
2828,75.8
2829,54.8
2830,52.4
2831,55.2
2832,54.9
2833,45.5
2834,63.6
2835,50.3
2836,49.9
2837,79.3
2838,46.6
2839,49.8
2840,64
2841,72.4
2842,53.3
2843,80.4
2844,70.8
2845,66.9
2846,52.9
2847,62.2
2848,51.4
2849,74.8
2850,48.2
2851,47.4
2852,50.9
2853,49.1
2854,43.2
2855,44.6
2856,58.2
2857,59.9
2858,61.2
2859,58.8
2860,54.9
2861,62.8
2862,52.1
2863,45.1
2864,60.5
2865,53.3
2866,48.7
2867,70.2
2868,48.2
2869,54.6
2870,66.6
2871,45.8
2872,59.6
2873,58.3
2874,59.8
2875,55.3
2876,44.1
2877,72.9
2878,58.1
2879,54.9
2880,54.1
2881,49.6
2882,60.9
2883,61.9
2884,56.8
2885,50.1
2886,53.8
2887,62
2888,40.9
2889,57.8
2890,52.9
2891,46.8
2892,58.2
2893,54.3
2894,62.7
2895,70.7
2896,73.8
2897,51.3
2898,50.1
2899,70.1
2900,71
2901,46.6
2902,65.2
2903,66.4
2904,48.3
2905,44.5
2906,60
2907,72.2
2908,55.5
2909,46.7
2910,58.1
2911,74
2912,52.5
2913,51.9
2914,62.4
2915,59.2
2916,52.2
2917,58.1
2918,48.3
2919,44.9
2920,45.6
2921,55.6
2922,44.4
2923,71.4
2924,47.6
2925,66
2926,54.9
2927,58
2928,49.1
2929,54.4
2930,42.5
2931,56.2
2932,73.6
2933,49.9
2934,46.8
2935,48.1
2936,52.6
2937,45.2
2938,66.7
2939,45.9
2940,40.8
2941,64.3
2942,50.3
2943,73.1
2944,60.3
2945,51
2946,55.1
2947,58.6
2948,55.3
2949,53.9
2950,50.4
2951,69
2952,48.4
2953,60.8
2954,64.7
2955,52.9
2956,53.4
2957,74.7
2958,49.9
2959,72.5
2960,59.7
2961,55.7
2962,99.2
2963,61
2964,55.2
2965,44.7
2966,72.8
2967,61.4
2968,90.8
2969,44.9
2970,82.2
2971,46.5
2972,44.1
2973,55.4
2974,60.4
2975,58.3
2976,73.7
2977,55.1
2978,55.4
2979,83.1
2980,55.6
2981,54.6
2982,59.2
2983,50.9
2984,47.1
2985,45.6
2986,54.5
2987,52.9
2988,44.9
2989,64
2990,65.5
2991,61.7
2992,69.6
2993,49.2
2994,55.7
2995,53.3
2996,52.6
2997,61
2998,56.8
2999,71.2
3000,61.6
3001,50.6
3002,43.9
3003,55.4
3004,74.7
3005,60.5
3006,61
3007,58
3008,42.6
3009,60.6
3010,53.9
3011,65.3
3012,54.9
3013,61.7
3014,49.9
3015,49.1
3016,58.5
3017,71.3
3018,48.4
3019,53.9
3020,62.8
3021,64
3022,76.6
3023,62.2
3024,62.7
3025,56.1
3026,47.7
3027,49.1
3028,76.8
3029,41.1
3030,72.5
3031,71.5
3032,68.1
3033,65.4
3034,59
3035,57.8
3036,53
3037,66.1
3038,74.9
3039,45.9
3040,55.7
3041,58.7
3042,48.1
3043,58.5
3044,55.4
3045,72.7
3046,55.1
3047,62.6
3048,60.1
3049,49.6
3050,58.3
3051,70.8
3052,66.3
3053,48.7
3054,44.3
3055,43.7
3056,54.6
3057,63.4
3058,52.6
3059,61.2
3060,60.7
3061,56.5
3062,49.1
3063,56.3
3064,52.3
3065,46.3
3066,50
3067,61.6
3068,68.3
3069,59.3
3070,45.5
3071,57.6
3072,66.4
3073,44.7
3074,61.9
3075,54.7
3076,58.7
3077,56.7
3078,59.6
3079,57.9
3080,61.8
3081,80.7
3082,51.3
3083,55.6
3084,74.5
3085,72.2
3086,84.9
3087,70.6
3088,47.7
3089,43.6
3090,84.3
3091,63.3
3092,72.4
3093,55.9
3094,97.7
3095,55.8
3096,43.9
3097,56.5
3098,54.1
3099,50.3
3100,53.9
3101,57.2
3102,56.2
3103,75.2
3104,58.4
3105,41.2
3106,64.6
3107,59.9
3108,45.9
3109,59.5
3110,68.5
3111,52.3
3112,59.8
3113,48.4
3114,64.2
3115,80.3
3116,94.8
3117,87.3
3118,66.4
3119,46.1
3120,58.7
3121,64.5
3122,64
3123,43.7
3124,44.4
3125,74.1
3126,49.3
3127,61.5
3128,46.8
3129,58.1
3130,57.9
3131,62.2
3132,59.8
3133,104
3134,71.7
3135,69.2
3136,130
3137,43.2
3138,89.8
3139,75.5
3140,49.6
3141,70.6
3142,70.3
3143,74.8
3144,75.2
3145,57.5
3146,76.4
3147,56.7
3148,58.8
3149,80.4
3150,67.3
3151,53.2
3152,54.2
3153,46.9
3154,47.3
3155,48.4
3156,58.1
3157,64.9
3158,68.5
3159,62.7
3160,57.7
3161,95.5
3162,58.2
3163,57.7
3164,1073
3165,60.5
3166,62.7
3167,177
3168,59.3
3169,66.3
3170,63.6
3171,92.3
3172,63.8
3173,62.4
3174,61.9
3175,46.8
3176,68.9
3177,71.5
3178,60.6
3179,62.4
3180,42.7
3181,62.5
3182,71.1
3183,66.6
3184,54.8
3185,53.2
3186,52.6
3187,51.3
3188,77.6
3189,49
3190,47.9
3191,57
3192,71.8
3193,43.2
3194,61.8
3195,43.9
3196,63.9
3197,71.2
3198,56.7
3199,66.5
3200,67.3
3201,52.6
3202,74.5
3203,59.8
3204,659
3205,58.6
3206,67.2
3207,54.7
3208,79
3209,65.9
3210,66
3211,57.9
3212,64.5
3213,58.6
3214,53.6
3215,45.9
3216,73.5
3217,56.7
3218,56
3219,64.1
3220,43.9
3221,58.4
3222,62.5
3223,43.9
3224,63.4
3225,59
3226,96.4
3227,59.6
3228,54.8
3229,116
3230,55.3
3231,85.7
3232,53.5
3233,71.8
3234,67.1
3235,65.8
3236,49.3
3237,116
3238,84.4
3239,60
3240,62.5
3241,46.1
3242,56.3
3243,54.7
3244,55
3245,55.8
3246,92.8
3247,52.6
3248,68.1
3249,51.5
3250,68.4
3251,67.6
3252,66.8
3253,72.2
3254,83.7
3255,59
3256,60.2
3257,61.5
3258,87
3259,46.2
3260,108
3261,75.3
3262,97.7
3263,69
3264,71.2
3265,50.3
3266,66.5
3267,44.3
3268,89.8
3269,40.7
3270,59.8
3271,47.7
3272,61.2
3273,69.3
3274,74.4
3275,56
3276,47.4
3277,46.8
3278,53.7
3279,48.4
3280,51.8
3281,79.3
3282,55
3283,67.6
3284,56.4
3285,55.2
3286,64.5
3287,79.9
3288,59.1
3289,57.6
3290,51.4
3291,52.1
3292,53.8
3293,48.8
3294,46.9
3295,48.8
3296,211
3297,44.5
3298,41.9
3299,60.3
3300,59
3301,43.8
3302,58.9
3303,51.3
3304,58.5
3305,74.1
3306,46
3307,55.7
3308,54.4
3309,51.5
3310,41.6
3311,83
3312,47.5
3313,66.5
3314,60.5
3315,64.5
3316,50.6
3317,51
3318,79.3
3319,57.8
3320,56.3
3321,62.3
3322,55.9
3323,54
3324,63.6
3325,49.6
3326,51.4
3327,49.2
3328,48.5
3329,44.5
3330,45.2
3331,44.2
3332,40
3333,60.4
3334,48.9
3335,60.5
3336,41.4
3337,48.8
3338,57.4
3339,67.4
3340,55.1
3341,51.4
3342,53.5
3343,47.8
3344,69.6
3345,54.7
3346,48.4
3347,43.1
3348,45.9
3349,63.5
3350,58.1
3351,70.5
3352,64.3
3353,60.1
3354,58.4
3355,52.3
3356,45
3357,45.1
3358,61.3
3359,52.7
3360,71.2
3361,73.4
3362,86.3
3363,60.9
3364,61.8
3365,54.9
3366,58.7
3367,66.1
3368,46.8
3369,54.5
3370,63.2
3371,42.3
3372,68.5
3373,45.4
3374,48.6
3375,54.6
3376,50.6
3377,64.2
3378,63.3
3379,51.6
3380,49.4
3381,84.4
3382,79.3
3383,65.7
3384,56.5
3385,43
3386,85.5
3387,51.5
3388,51.9
3389,43.4
3390,70.1
3391,50.2
3392,44.3
3393,53.3
3394,42
3395,45.9
3396,50.2
3397,58.8
3398,56.8
3399,54.2
3400,56.7
3401,64.3
3402,50.3
3403,63.1
3404,48.6
3405,40.5
3406,63.4
3407,45.9
3408,47.1
3409,40.8
3410,48.3
3411,70.7
3412,61.4
3413,40.8
3414,52.5
3415,43.8
3416,54.9
3417,51.3
3418,48.5
3419,49.3
3420,42.5
3421,52
3422,45.1
3423,54.3
3424,52.4
3425,51.1
3426,49.2
3427,57.7
3428,46.8
3429,47.6
3430,48.3
3431,47.7
3432,43.2
3433,48.4
3434,73.4
3435,57.4
3436,52.1
3437,54.3
3438,45
3439,50
3440,42.9
3441,57.3
3442,41.4
3443,44.9
3444,57.2
3445,61
3446,45.9
3447,45.9
3448,43.6
3449,46.3
3450,46
3451,74.9
3452,49.1
3453,42.8
3454,50.4
3455,52.4
3456,42.5
3457,50.1
3458,44.9
3459,49.8
3460,57.9
3461,51.3
3462,60.8
3463,49.3
3464,57.9
3465,46.3
3466,92.8
3467,61
3468,46.7
3469,51.6
3470,48.4
3471,44
3472,46.9
3473,62.6
3474,49.8
3475,48.7
3476,51.3
3477,40.8
3478,72.1
3479,51.5
3480,42.7
3481,51
3482,49.6
3483,46.1
3484,47.6
3485,52
3486,55.8
3487,51.3
3488,53.9
3489,48.6
3490,47.5
3491,60.2
3492,52.7
3493,47.8
3494,56.6
3495,55.5
3496,47.4
3497,42.9
3498,54.4
3499,40.6
3500,59
3501,47.8
3502,56.3
3503,44.6
3504,48.7
3505,51.6
3506,74.6
3507,44.5
3508,43.7
3509,61.2
3510,40.8
3511,54.8
3512,44.9
3513,51.8
3514,40.5
3515,44.6
3516,50.6
3517,41
3518,44.8
3519,43.7
3520,44.7
3521,50.5
3522,44.2
3523,55.7
3524,42.8
3525,43.5
3526,41.3
3527,45.7
3528,48.9
3529,56.6
3530,41.7
3531,45.7
3532,47.5
3533,58.7
3534,51.8
3535,50.1
3536,53.9
3537,67.8
3538,52.8
3539,46.5
3540,55.5
3541,53.2
3542,46.3
3543,57
3544,45.9
3545,50.3
3546,78.6
3547,57.3
3548,56.3
3549,47.3
3550,53.8
3551,61.2
3552,56.2
3553,54.8
3554,43.8
3555,45.6
3556,75.1
3557,89.1
3558,76.1
3559,78.7
3560,75.3
3561,44.6
3562,43.8
3563,47.2
3564,51.1
3565,148
3566,72.5
3567,73.6
3568,88.1
3569,55.1
3570,51.5
3571,60.3
3572,49.3
3573,44.2
3574,44.1
3575,45.4
3576,48.7
3577,163
3578,60.3
3579,52.1
3580,68.9
3581,45.9
3582,48.5
3583,47.9
3584,43.2
3585,52.9
3586,42.5
3587,41
3588,45.9
3589,46.1
3590,49.5
3591,51.7
3592,51.6
3593,47.8
3594,46.7
3595,46.2
3596,59
3597,52
3598,46.6
3599,40.5
3600,42.4
3601,48.9
3602,47.8
3603,59.5
3604,64.3
3605,47.3
3606,64.4
3607,63.1
3608,68
3609,66.6
3610,52.7
3611,42.8
3612,56.1
3613,43.6
3614,55.3
3615,75.4
3616,47.2
3617,40.8
3618,60.7
3619,61
3620,63
3621,60.4
3622,55.2
3623,71.2
3624,68.6
3625,70.1
3626,59.9
3627,63.5
3628,57.9
3629,61.6
3630,82
3631,58.3
3632,61.8
3633,58
3634,57.7
3635,57.3
3636,57.6
3637,65.5
3638,56.9
3639,84.8
3640,59
3641,66.2
3642,69.8
3643,63.9
3644,59.3
3645,58.8
3646,57.8
3647,52.5
3648,54.5
3649,52.5
3650,57.5
3651,58
3652,54.3
3653,53.9
3654,73.6
3655,52.4
3656,57.4
3657,92.4
3658,52.5
3659,78
3660,57.3
3661,57.1
3662,55.2
3663,57.3
3664,54.3
3665,54.6
3666,53.6
3667,53.8
3668,57.9
3669,73.6
3670,66.7
3671,55.9
3672,54.9
3673,52.1
3674,59.5
3675,51.5
3676,74.8
3677,54.5
3678,52.2
3679,51.3
3680,54.7
3681,51
3682,51.4
3683,50.3
3684,50.2
3685,54.1
3686,69.7
3687,50.2
3688,78.9
3689,54.8
3690,53.8
3691,54.5
3692,46.4
3693,50.3
3694,61.2
3695,66.9
3696,58.3
3697,57
3698,72.4
3699,47.9
3700,48.8
3701,51.3
3702,57.7
3703,43.2
3704,43.1
3705,48.6
3706,48.5
3707,48.1
3708,43.5
3709,78.8
3710,50.3
3711,97.3
3712,52.4
3713,58.1
3714,52.6
3715,52.3
3716,87.2
3717,48.4
3718,51.7
3719,48.4
3720,56.4
3721,48.6
3722,81.7
3723,50.2
3724,45.2
3725,49.9
3726,47.8
3727,63.2
3728,44.6
3729,48.1
3730,42.7
3731,57
3732,47.6
3733,62.1
3734,45.2
3735,55.2
3736,61.6
3737,41.8
3738,41.2
3739,66.3
3740,74.9
3741,54.9
3742,59.9
3743,43.7
3744,53
3745,81.5
3746,42.8
3747,60.3
3748,70.6
3749,60.6
3750,54.3
3751,53.8
3752,63.1
3753,53.1
3754,53.2
3755,83.2
3756,65.1
3757,63.1
3758,48.6
3759,56.2
3760,59.3
3761,56.5
3762,53.2
3763,56.4
3764,57.8
3765,76.5
3766,56.5
3767,56.4
3768,53.4
3769,53.2
3770,53.2
3771,43.2
3772,43.2
3773,46.3
3774,87.2
3775,55.5
3776,63.2
3777,57.1
3778,56.3
3779,66.2
3780,56.6
3781,68.1
3782,63.3
3783,59.1
3784,51.3
3785,53.1
3786,48.2
3787,53.2
3788,56.2
3789,56.5
3790,46.2
3791,53.3
3792,46.2
3793,49.1
3794,57.1
3795,68.2
3796,52.6
3797,56.7
3798,53.3
3799,46.2
3800,57
3801,52.6
3802,68.7
3803,53.2
3804,56.2
3805,55.6
3806,48.2
3807,68.5
3808,54.5
3809,51.5
3810,51.7
3811,65.1
3812,51.8
3813,50.8
3814,59.3
3815,49.1
3816,54.5
3817,63
3818,52.4
3819,64
3820,54.6
3821,66.7
3822,94.5
3823,61.9
3824,52.5
3825,46.2
3826,41.3
3827,45.8
3828,49.4
3829,70.4
3830,65.2
3831,70.5
3832,50
3833,47.9
3834,65
3835,50.4
3836,57.8
3837,68.8
3838,59.3
3839,47.8
3840,74.2
3841,49.5
3842,48.3
3843,67.2
3844,64.7
3845,67.2
3846,45.6
3847,64.7
3848,67.2
3849,65.1
3850,44
3851,47.3
3852,59.6
3853,77.8
3854,59.5
3855,59.8
3856,74.2
3857,48.9
3858,79.3
3859,129
3860,52.2
3861,59.6
3862,77.7
3863,77.6
3864,44.6
3865,59.1
3866,54.6
3867,44.4
3868,44.3
3869,63.8
3870,63.7
3871,54.1
3872,68.5
3873,45
3874,44.5
3875,71.6
3876,51.3
3877,61.7
3878,45.5
3879,57.4
3880,74.7
3881,55.9
3882,61.1
3883,44
3884,62.1
3885,45.9
3886,64.7
3887,61.7
3888,56.8
3889,77
3890,48.6
3891,62.2
3892,54.7
3893,70.4
3894,77.2
3895,51.3
3896,47.2
3897,78.6
3898,63.4
3899,55.6
3900,65.2
3901,53.4
3902,63
3903,63
3904,71.2
3905,68.3
3906,43.7
3907,74.9
3908,62.2
3909,51
3910,53.3
3911,53.3
3912,72.7
3913,45.9
3914,49.4
3915,47.1
3916,46.5
3917,62.4
3918,41.9
3919,64.2
3920,50
3921,51.9
3922,48.6
3923,56.3
3924,56
3925,65
3926,59.4
3927,48.9
3928,56.1
3929,55
3930,46.4
3931,73.1
3932,82
3933,51.1
3934,58.7
3935,67.8
3936,52.9
3937,44.5
3938,80.6
3939,59.3
3940,63
3941,55.1
3942,59.1
3943,58.3
3944,77.6
3945,54.5
3946,60.8
3947,48.8
3948,50.3
3949,46.4
3950,50.7
3951,58.1
3952,52.7
3953,48.9
3954,63.7
3955,62.3
3956,44.1
3957,44
3958,47.7
3959,48.3
3960,85.7
3961,67.1
3962,47
3963,54.6
3964,68.2
3965,59.1
3966,43.5
3967,77.3
3968,53.4
3969,48.2
3970,64.4
3971,50.4
3972,52.3
3973,42.9
3974,56.7
3975,61.8
3976,53.4
3977,52.3
3978,54.5
3979,92.7
3980,50
3981,43.1
3982,59.3
3983,59
3984,57.2
3985,41.5
3986,63.5
3987,58.9
3988,54.6
3989,57.6
3990,54.3
3991,57.7
3992,53.7
3993,49.4
3994,80.9
3995,48.2
3996,56.3
3997,48.3
3998,54.7
3999,48.2
4000,64.8
4001,73.6
4002,64.9
4003,61.5
4004,59.9
4005,58.2
4006,55
4007,68.7
4008,55.9
4009,81.8
4010,50.3
4011,49.4
4012,67.6
4013,54
4014,64.1
4015,42.9
4016,46.4
4017,59.5
4018,52.1
4019,43.2
4020,47.4
4021,46.3
4022,49.8
4023,43.2
4024,83
4025,76.5
4026,67.9
4027,53.1
4028,42.7
4029,40.8
4030,58.9
4031,46.5
4032,44.4
4033,46.4
4034,52.3
4035,61
4036,70.4
4037,91.4
4038,74.8
4039,59.4
4040,59.1
4041,64.8
4042,44.6
4043,51.9
4044,41.7
4045,70.7
4046,81.3
4047,43.4
4048,51.9
4049,65.2
4050,49.5
4051,48.3
4052,47.3
4053,70.8
4054,83.2
4055,43.1
4056,48.4
4057,63.1
4058,56.4
4059,58.2
4060,51.3
4061,47.1
4062,55.8
4063,58.8
4064,57.1
4065,51.9
4066,54.6
4067,53.1
4068,93.3
4069,77.7
4070,85.2
4071,74.7
4072,69.6
4073,62
4074,39.7
4075,95.8
4076,50.1
4077,59.2
4078,65.8
4079,53.6
4080,87.9
4081,65
4082,65.2
4083,62.6
4084,46.5
4085,41.2
4086,59.8
4087,71.5
4088,59.8
4089,58.6
4090,54.2
4091,42.8
4092,50.8
4093,43.8
4094,51.7
4095,45.8
4096,64.8
4097,43.8
4098,46.4
4099,63.5
4100,73.6
4101,72.2
4102,41.2
4103,54.7
4104,54
4105,68.1
4106,66.4
4107,44.5
4108,49.4
4109,81.6
4110,58.4
4111,49.4
4112,44.5
4113,63.6
4114,44.4
4115,46.2
4116,64
4117,49.7
4118,61.4
4119,57.1
4120,61.5
4121,59.1
4122,55
4123,73.7
4124,48
4125,56
4126,59.8
4127,59
4128,55.4
4129,47.1
4130,49.3
4131,47.7
4132,56.9
4133,62.4
4134,57.3
4135,57.2
4136,58.2
4137,65.9
4138,60.9
4139,62
4140,52.2
4141,51.4
4142,63.9
4143,48
4144,58
4145,55.3
4146,45.2
4147,56.9
4148,49.7
4149,67.2
4150,58.1
4151,55.8
4152,60.8
4153,68.3
4154,76.5
4155,63.8
4156,60.3
4157,64.1
4158,77.1
4159,65.6
4160,55.1
4161,54.6
4162,43.2
4163,56.2
4164,67.2
4165,48.8
4166,66.9
4167,55.2
4168,55
4169,83.3
4170,83.6
4171,57.2
4172,50.3
4173,57.2
4174,67.4
4175,51.1
4176,58.6
4177,42.4
4178,90.1
4179,59.7
4180,59.4
4181,67.6
4182,56.8
4183,86.8
4184,54.3
4185,72.7
4186,45.3
4187,50.6
4188,49.3
4189,87
4190,67.3
4191,55.9
4192,44.3
4193,63.7
4194,61.5
4195,43.4
4196,49.6
4197,63.6
4198,51.7
4199,57.5
4200,52.6
4201,69.1
4202,48.1
4203,51.7
4204,50.1
4205,66.3
4206,53.6
4207,56.9
4208,40.6
4209,67.8
4210,66.6
4211,50
4212,78.4
4213,72.5
4214,87.8
4215,53.4
4216,53.4
4217,58.2
4218,55.7
4219,55.8
4220,65.1
4221,63.2
4222,53.7
4223,51.1
4224,59.8
4225,55.2
4226,66.5
4227,62.7
4228,58.8
4229,54.1
4230,60.9
4231,56.6
4232,70
4233,69.8
4234,50.8
4235,43.9
4236,54.4
4237,43
4238,54.5
4239,40.8
4240,55.4
4241,61.8
4242,62
4243,56.8
4244,54.5
4245,53.5
4246,51.9
4247,71.3
4248,58.1
4249,61.7
4250,489
4251,55.3
4252,77.5
4253,53
4254,66.5
4255,59.8
4256,69.3
4257,45.6
4258,62.2
4259,57.5
4260,43
4261,52.9
4262,68.2
4263,48.4
4264,47
4265,44.2
4266,52.5
4267,45.5
4268,58.1
4269,42.4
4270,53.4
4271,60.5
4272,49.2
4273,57.4
4274,56.1
4275,55.3
4276,55.3
4277,58.8
4278,57
4279,150
4280,54.4
4281,47.4
4282,51.4
4283,51.5
4284,45.6
4285,63.5
4286,42
4287,41.3
4288,49.7
4289,48.3
4290,59.8
4291,57.6
4292,54.4
4293,72.4
4294,61.2
4295,41.4
4296,58.7
4297,62.4
4298,45.9
4299,46.2
4300,64.6
4301,65.8
4302,66.8
4303,59.7
4304,60.5
4305,49
4306,58.4
4307,44
4308,42.6
4309,59.6
4310,53.9
4311,68.6
4312,66.6
4313,49.6
4314,69.6
4315,43.4
4316,42.4
4317,51.4
4318,60.7
4319,62.5
4320,57.9
4321,62.2
4322,64.8
4323,45.7
4324,64.1
4325,54.5
4326,64.2
4327,61.1
4328,47.5
4329,71.1
4330,64.6
4331,48.5
4332,64.5
4333,88.3
4334,59.7
4335,57.1
4336,59.4
4337,55
4338,47.1
4339,56.7
4340,56.1
4341,51.4
4342,62.4
4343,63.8
4344,77.2
4345,60.5
4346,48.1
4347,58.1
4348,42.4
4349,46.7
4350,70.4
4351,58.8
4352,49.6
4353,44.6
4354,53.4
4355,42.5
4356,64.9
4357,47.8
4358,66.6
4359,61.9
4360,68.6
4361,94.8
4362,76.2
4363,53.6
4364,48.7
4365,70.2
4366,55.9
4367,64.8
4368,56.2
4369,63.4
4370,50.9
4371,80.7
4372,52.7
4373,71.9
4374,86.2
4375,133
4376,43.4
4377,65.5
4378,49.7
4379,61
4380,92.6
4381,56.5
4382,89.7
4383,53.4
4384,64.7
4385,74.8
4386,42.6
4387,59.5
4388,54.8
4389,43.5
4390,42.1
4391,55.8
4392,55.7
4393,61.5
4394,52
4395,138
4396,50.5
4397,43
4398,53.5
4399,54.8
4400,52.4
4401,56.8
4402,47.6
4403,75.7
4404,84.3
4405,51.8
4406,168
4407,43.1
4408,59.5
4409,47.9
4410,59.8
4411,46.8
4412,56.5
4413,62.6
4414,44.2
4415,93.5
4416,50.7
4417,39.9
4418,68.6
4419,67.8
4420,46.4
4421,69.7
4422,52
4423,46.2
4424,51.6
4425,54.9
4426,58.3
4427,57.6
4428,58.4
4429,54.2
4430,52.8
4431,41.1
4432,60.8
4433,64.4
4434,64
4435,57.4
4436,42.3
4437,45.6
4438,52.7
4439,44.5
4440,52.3
4441,55.9
4442,59.5
4443,66.3
4444,64.4
4445,44.3
4446,69.8
4447,50.2
4448,60.5
4449,48.8
4450,72.2
4451,46
4452,61.7
4453,61.8
4454,44.8
4455,68.5
4456,68.9
4457,67.1
4458,71.9
4459,54.7
4460,53.8
4461,55.3
4462,51.8
4463,51.2
4464,49.8
4465,66.8
4466,50.1
4467,79.4
4468,43.7
4469,76
4470,86.1
4471,61.5
4472,53.5
4473,53.5
4474,65.9
4475,50.1
4476,59.2
4477,62.1
4478,75.9
4479,46.1
4480,47.8
4481,50.7
4482,45.6
4483,85.2
4484,42.6
4485,44.4
4486,61.1
4487,48.6
4488,63.2
4489,82.3
4490,65.4
4491,48.7
4492,67.9
4493,60.8
4494,54.8
4495,49.9
4496,68.7
4497,53.9
4498,71
4499,59.2
4500,79
4501,65.3
4502,70.9
4503,69
4504,45.4
4505,55.9
4506,64.9
4507,58.1
4508,59.5
4509,42.2
4510,59.5
4511,52.3
4512,61.3
4513,59.9
4514,57.5
4515,42
4516,72.1
4517,60.6
4518,58
4519,41.3
4520,56.3
4521,53.7
4522,48
4523,103
4524,73.7
4525,58.9
4526,55.7
4527,65.6
4528,55
4529,63.8
4530,53.8
4531,52.8
4532,50.9
4533,48.2
4534,63
4535,56.6
4536,55.3
4537,64.4
4538,59.3
4539,47.1
4540,68.4
4541,43.6
4542,46.4
4543,71.3
4544,43.4
4545,45.1
4546,61
4547,49.3
4548,49.1
4549,58.4
4550,61.5
4551,51.3
4552,53.8
4553,56.1
4554,46.8
4555,46.4
4556,69.4
4557,73.6
4558,46.2
4559,44.6
4560,43.3
4561,42
4562,85.5
4563,83.1
4564,78.6
4565,123
4566,59.7
4567,39.9
4568,53.3
4569,52.3
4570,92.4
4571,50.4
4572,48.4
4573,41.7
4574,45.8
4575,48.4
4576,86.9
4577,42
4578,95.7
4579,79.9
4580,58.6
4581,56.8
4582,55.8
4583,69.1
4584,57.6
4585,89
4586,51.8
4587,45.6
4588,49.1
4589,54.1
4590,48.1
4591,60.3
4592,45.2
4593,53.5
4594,47
4595,54.3
4596,50.4
4597,62.6
4598,68.6
4599,47.1
4600,56
4601,68.3
4602,69.1
4603,56.8
4604,51.5
4605,50.6
4606,69.7
4607,56.1
4608,46.4
4609,45.7
4610,109
4611,59
4612,43.2
4613,45.2
4614,69.1
4615,52.6
4616,57.7
4617,55.8
4618,54.5
4619,56.4
4620,56.5
4621,60.2
4622,64.3
4623,49.2
4624,50.7
4625,66
4626,45.7
4627,60.5
4628,44.5
4629,46.9
4630,62.6
4631,80
4632,85.7
4633,80.3
4634,60.5
4635,84.3
4636,85.2
4637,73.2
4638,58.4
4639,58
4640,82.2
4641,59.8
4642,61.8
4643,62.8
4644,48.9
4645,104
4646,69.3
4647,58
4648,53.4
4649,62.8
4650,84.8
4651,70.7
4652,50.6
4653,69.9
4654,80.4
4655,58.3
4656,49.7
4657,50.9
4658,50.5
4659,52.8
4660,75.3
4661,57.9
4662,54.4
4663,54.7
4664,74.1
4665,54.4
4666,57.3
4667,60.2
4668,73
4669,75.6
4670,61
4671,54.8
4672,44.4
4673,43.7
4674,58.9
4675,83.4
4676,54.4
4677,82.3
4678,64.9
4679,58.8
4680,47.9
4681,53.7
4682,52.5
4683,52.9
4684,46.8
4685,51
4686,54.3
4687,55
4688,51.9
4689,50.6
4690,54
4691,75
4692,61.8
4693,53.9
4694,58.6
4695,51.4
4696,48.6
4697,78.3
4698,53.1
4699,48.3
4700,47.6
4701,50.9
4702,80.7
4703,47.9
4704,60.5
4705,49.7
4706,58
4707,48.1
4708,48.3
4709,48.4
4710,51.4
4711,48.4
4712,68
4713,58.7
4714,48.4
4715,57.4
4716,73.8
4717,53.2
4718,67.8
4719,80.8
4720,53.5
4721,51.6
4722,52
4723,54
4724,48.6
4725,48
4726,61.4
4727,71.5
4728,71.7
4729,71.9
4730,92.3
4731,59
4732,53.5
4733,84.9
4734,77.6
4735,52
4736,46.7
4737,77
4738,61.1
4739,70.2
4740,75
4741,67
4742,77.5
4743,77.8
4744,56.1
4745,72.2
4746,95.8
4747,51
4748,55.6
4749,59.3
4750,46.5
4751,45.1
4752,50.9
4753,45
4754,55
4755,68.1
4756,60.6
4757,74.9
4758,66.1
4759,59.4
4760,53.7
4761,73.2
4762,65.3
4763,65.5
4764,45.5
4765,69.9
4766,83.4
4767,50
4768,46
4769,299
4770,65.4
4771,45.5
4772,45.1
4773,45.5
4774,62.1
4775,52.3
4776,63.8
4777,72.3
4778,42.3
4779,45.2
4780,66.6
4781,41
4782,64.5
4783,73.3
4784,57.8
4785,61.3
4786,75.6
4787,46.4
4788,60.2
4789,70.2
4790,55.2
4791,57.6
4792,54.1
4793,53.6
4794,53.8
4795,67.2
4796,62.8
4797,41.3
4798,52.9
4799,61.9
4800,42.2
4801,62.4
4802,60.8
4803,56.2
4804,50.3
4805,64.3
4806,77
4807,53.1
4808,68
4809,70.3
4810,49.4
4811,50.2
4812,78.8
4813,69.5
4814,52.6
4815,47.8
4816,57.8
4817,48.2
4818,54.8
4819,52.3
4820,41.5
4821,41.8
4822,130
4823,40.7
4824,42.2
4825,77.3
4826,91.7
4827,66.9
4828,61.8
4829,55.2
4830,52.1
4831,82.5
4832,75.7
4833,52
4834,43.2
4835,61.4
4836,61.4
4837,52
4838,60.4
4839,42.4
4840,61
4841,50.9
4842,58
4843,52.6
4844,76.9
4845,59.8
4846,59.9
4847,49.8
4848,74.8
4849,78.8
4850,67
4851,60
4852,54
4853,67.6
4854,54.8
4855,58
4856,69.5
4857,64.7
4858,45.1
4859,46.3
4860,45.7
4861,61.1
4862,80.4
4863,49.5
4864,57.4
4865,69.3
4866,75.1
4867,44.2
4868,53
4869,79.2
4870,51.1
4871,54
4872,72.5
4873,80.9
4874,61
4875,45.7
4876,44
4877,109
4878,41.9
4879,41.2
4880,50.1
4881,69.3
4882,52.9
4883,60.8
4884,55.3
4885,55.6
4886,69.8
4887,89.1
4888,69.4
4889,47
4890,62.5
4891,51
4892,64.2
4893,53.1
4894,63.8
4895,61.2
4896,62.9
4897,42.3
4898,60.2
4899,71.1
4900,46.2
4901,55.3
4902,53.5
4903,76.2
4904,42
4905,51.3
4906,62
4907,67.1
4908,57.3
4909,51.5
4910,79
4911,43.6
4912,62.7
4913,41.1
4914,81
4915,44.2
4916,44.6
4917,46.9
4918,69.7
4919,53.7
4920,55
4921,51.2
4922,45.8
4923,69.4
4924,53.7
4925,61.1
4926,60.3
4927,43.9
4928,43.1
4929,43
4930,54.8
4931,64.9
4932,84.6
4933,57.3
4934,55.6
4935,54.5
4936,54.7
4937,49.5
4938,48
4939,69.8
4940,65.1
4941,45.5
4942,62
4943,43.5
4944,57.9
4945,61.3
4946,53.6
4947,53.9
4948,51.9
4949,41.4
4950,46.5
4951,80.7
4952,58.4
4953,41.8
4954,45.4
4955,65.1
4956,54.3
4957,57.5
4958,58.3
4959,58.9
4960,57.2
4961,75.7
4962,60.2
4963,60.6
4964,55.5
4965,52.8
4966,58.5
4967,55.7
4968,43.6
4969,78
4970,72.2
4971,48.5
4972,48.8
4973,52.2
4974,58.4
4975,71.7
4976,55.5
4977,44
4978,42.4
4979,41.6
4980,50.6
4981,62.6
4982,83.2
4983,51.8
4984,55.9
4985,74.1
4986,53.5
4987,42.8
4988,65.1
4989,70.7
4990,59.2
4991,47
4992,56.8
4993,60
4994,53.5
4995,47
4996,50.5
4997,44.8
4998,48.1
4999,52.7
5000,58.5
5001,47.2
5002,62
5003,51.9
5004,57.2
5005,60
5006,46.3
5007,60.4
5008,53.3
5009,103
5010,71.7
5011,48.2
5012,46.8
5013,64.6
5014,51.9
5015,40.6
5016,48.9
5017,47.3
5018,64.5
5019,80.1
5020,43.5
5021,64.5
5022,59.9
5023,45.7
5024,52.7
5025,52.4
5026,68
5027,66.6
5028,75.9
5029,45.5
5030,64.9
5031,79.1
5032,86.8
5033,46.4
5034,56.1
5035,61.9
5036,65.6
5037,56.7
5038,57.2
5039,55.9
5040,56.9
5041,84.9
5042,65.6
5043,68.1
5044,49
5045,62.4
5046,68.6
5047,52
5048,55.3
5049,45.4
5050,66.8
5051,68.2
5052,54.5
5053,66.8
5054,47.7
5055,64.9
5056,56.1
5057,55.6
5058,53.1
5059,52.6
5060,52.3
5061,66.5
5062,49.8
5063,63.3
5064,48.8
5065,49.5
5066,43.7
5067,47.1
5068,42.6
5069,41.2
5070,49.8
5071,52.6
5072,56.2
5073,54.8
5074,53.5
5075,53.2
5076,60.6
5077,57.1
5078,70
5079,55.6
5080,73.2
5081,45.9
5082,71.9
5083,40.9
5084,59.9
5085,59
5086,48.2
5087,60.8
5088,61
5089,55.1
5090,53.6
5091,47.6
5092,55.5
5093,49.2
5094,59.5
5095,49.6
5096,56.4
5097,44.9
5098,55
5099,49.9
5100,42.4
5101,44.4
5102,55.2
5103,69.9
5104,64.4
5105,65.9
5106,60.2
5107,48.5
5108,62.7
5109,41.7
5110,44.9
5111,73.2
5112,56
5113,54.6
5114,43.7
5115,55.5
5116,55.5
5117,58
5118,47
5119,60.2
5120,46.6
5121,55.1
5122,60.3
5123,60.1
5124,62.7
5125,67.4
5126,49.3
5127,77.7
5128,55.7
5129,54.4
5130,49.5
5131,41.6
5132,44.7
5133,48.8
5134,116
5135,55.7
5136,53.3
5137,51.8
5138,51.4
5139,79.3
5140,59
5141,41.5
5142,47.9
5143,67.3
5144,44.7
5145,73.5
5146,65.7
5147,72.4
5148,81.9
5149,90
5150,63.9
5151,57.5
5152,40.9
5153,50.6
5154,51.6
5155,73.8
5156,61
5157,78.3
5158,52.2
5159,57.1
5160,60.7
5161,44.8
5162,48.5
5163,103
5164,57
5165,55.5
5166,55
5167,57.6
5168,43.6
5169,40.7
5170,59.3
5171,52.6
5172,51.4
5173,45.3
5174,64.8
5175,58.4
5176,42.1
5177,51.2
5178,79.9
5179,53.3
5180,57.6
5181,45.5
5182,68.2
5183,56.8
5184,76.3
5185,73.4
5186,58.3
5187,70.6
5188,61.6
5189,45.3
5190,46.8
5191,81.7
5192,65.8
5193,74.7
5194,58.4
5195,46.4
5196,89.8
5197,53
5198,54.5
5199,53.1
5200,54.8
5201,58.8
5202,46.6
5203,59.2
5204,50.2
5205,63.9
5206,65.9
5207,54.6
5208,53.6
5209,48.3
5210,96.1
5211,74.2
5212,55.5
5213,72.2
5214,53
5215,65.6
5216,51.5
5217,49.4
5218,71.3
5219,50
5220,57.4
5221,46.2
5222,55.8
5223,63.2
5224,42.3
5225,61.5
5226,45.4
5227,51.2
5228,59.4
5229,59.7
5230,53.5
5231,55.5
5232,64.6
5233,49.8
5234,48.1
5235,50.9
5236,70
5237,89.9
5238,64.8
5239,63.9
5240,55.9
5241,61.7
5242,55.8
5243,59.5
5244,58.1
5245,68
5246,58.9
5247,60.5
5248,54.2
5249,62.8
5250,55.3
5251,60
5252,49.4
5253,49.1
5254,53.3
5255,47.4
5256,46.2
5257,68.7
5258,45.9
5259,41
5260,59.6
5261,59.3
5262,57.8
5263,51.9
5264,58.3
5265,48.3
5266,70.7
5267,49.1
5268,55.2
5269,53.5
5270,45.4
5271,72.4
5272,44
5273,63.2
5274,61.1
5275,61.2
5276,64.8
5277,61.4
5278,60.3
5279,69.5
5280,58.9
5281,46.1
5282,55.3
5283,49.4
5284,55.2
5285,49.7
5286,67.6
5287,56
5288,66.2
5289,74.6
5290,46.6
5291,55.6
5292,49.8
5293,62.9
5294,59.2
5295,56.7
5296,45.1
5297,50.6
5298,63.6
5299,54.5
5300,50.3
5301,49.1
5302,49.3
5303,63.5
5304,85.3
5305,49.9
5306,70.3
5307,43.9
5308,55.8
5309,64.9
5310,58.2
5311,65.2
5312,69.5
5313,49.2
5314,44.8
5315,58.9
5316,53.9
5317,63.1
5318,97.4
5319,53.9
5320,44.2
5321,50.9
5322,47.1
5323,59.9
5324,49.7
5325,58.3
5326,42
5327,61
5328,54.9
5329,48.5
5330,57.3
5331,58.9
5332,52.3
5333,48
5334,51.8
5335,49.7
5336,48
5337,47.8
5338,45.9
5339,54.3
5340,73.5
5341,46.6
5342,41.5
5343,59.8
5344,54.3
5345,43.6
5346,45.9
5347,55.1
5348,50.7
5349,52.8
5350,53
5351,76.7
5352,56.6
5353,45.5
5354,49.7
5355,62.9
5356,65.3
5357,40.5
5358,44.9
5359,57.4
5360,56.4
5361,59.5
5362,114
5363,56.4
5364,50.7
5365,54.5
5366,52.7
5367,48.4
5368,42.3
5369,48.2
5370,52
5371,47.6
5372,53.3
5373,64.9
5374,79.6
5375,67.4
5376,60.4
5377,80.7
5378,58.3
5379,56.8
5380,56.2
