time,upload,download
1,0.0128906,0.0128906
2,0.0128906,0.0128906
3,0.0128906,0.0128906
4,0.0128906,0.0128906
5,0.0128906,0.0128906
6,0,0.0128906
7,0.0128906,0.0128906
8,0.0128906,0.0128906
9,0.0128906,0.0128906
10,0.0128906,0.0128906
11,0.0128906,0.0128906
12,0.0128906,0.0128906
13,0.0128906,0.0128906
14,0.0128906,0.0128906
15,0.0128906,0.0128906
16,0.0128906,0.0128906
17,0.0128906,0.0128906
18,0.0128906,0.0128906
19,0.0128906,0.0128906
20,0.0128906,0.0128906
21,0.0128906,0.0128906
22,0.0128906,0.0128906
23,0.0128906,0.0128906
24,0.0128906,0.0128906
25,0.0128906,0.0128906
26,0.0128906,0.0128906
27,0.0128906,0.0128906
28,0.0128906,0.0128906
29,0.0128906,0.0128906
30,0.0128906,0.0128906
31,0.0128906,0.0128906
32,0.0128906,0.0128906
33,0.0128906,0.0128906
34,0.0128906,0.0128906
35,0.0128906,0.0128906
36,0.0128906,0.0128906
37,0.0462891,0.0462891
38,0.0591797,0.0462891
39,0.0591797,0.0462891
40,0.0591797,0.0462891
41,0.0591797,0.0462891
42,0.0591797,0.0462891
43,0.0591797,0.0462891
44,0.0591797,0.0462891
45,0.0591797,0.0462891
46,0.141211,0.0144531
47,0.936523,2.51484
48,1.6127,12.2588
49,1.88691,21.3463
50,2.10449,31.0322
51,2.31309,40.1197
52,0.972656,37.8004
53,0.866016,37.8004
54,0.866016,37.4859
55,0.863672,37.7699
56,0.931641,38.0539
57,1.26328,39.4738
58,1.61641,39.7707
59,1.92559,38.9332
60,2.58555,39.4051
61,2.50723,38.4787
62,3.11211,37.6428
63,3.78281,36.0209
64,3.34004,35.8277
65,3.3582,36.7623
66,2.61074,37.6111
67,2.01777,38.9346
68,1.97559,38.7672
69,2.61445,46.475
70,2.29434,37.1355
71,2.09102,27.4543
72,1.68184,18.0645
73,1.2123,8.98027
74,1.2123,8.98027
75,1.2123,8.98027
76,1.2123,8.98027
77,1.2123,8.98027
78,0.0128906,0.0128906
79,0.0257812,0.0257812
80,0.0257812,0.0257812
81,0.0257812,0.0257812
82,0.0257812,0.0257812
83,0.0257812,0.0257812
84,0.0257812,0.0257812
85,0.0257812,0.0257812
86,0.0128906,0.0128906
87,0.0128906,0.0128906
88,0.0128906,0.0128906
89,0.0128906,0.0128906
90,0.0128906,0.0128906
91,0.0128906,0.0128906
92,0.0128906,0.0128906
93,0.274805,0.0144531
94,0.389844,0.305859
95,0.389844,0.305859
96,0.402734,0.31875
97,0.412891,0.506836
98,0.412891,0.506836
99,0.412891,0.506836
100,0.412891,0.506836
101,0.30625,1.04668
102,0.108398,0.973242
103,0.108398,0.973242
104,0.108398,0.973242
105,0.0462891,0.0974609
106,0.0539063,0.0333984
107,0.151758,0.134766
108,0.151758,0.134766
109,0.151758,0.134766
110,0.151758,0.134766
111,0.151758,0.134766
112,0.151758,0.134766
113,0.151758,0.134766
114,0.0128906,0.0128906
115,0.0128906,0.0128906
116,0.0128906,0.0128906
117,0.0128906,0.0128906
118,0.0128906,0.0128906
119,0.0128906,0.0128906
120,0.0386719,0.0386719
121,0.0515625,0.0515625
122,0.0773437,0.077343
123,0.0978516,0.0773437
124,0.110742,0.110742
125,0.110742,0.110742
126,0.110742,0.110742
127,0.110742,0.110742
128,0.110742,0.110742
129,0.110742,0.110742
130,0.0591797,0.0591797
131,0.0591797,0.0591797
132,0.0591797,0.0591797
133,0.0591797,0.0591797
134,0.0720703,0.0720703
135,0.0720703,0.0720703
136,0.0720703,0.0720703
137,0.0720703,0.0720703
138,0.0720703,0.0720703
139,0.0720703,0.0720703
140,0.0720703,0.0720703
141,0.0720703,0.0720703
142,0.0720703,0.0720703
143,0.0128906,0.0128906
144,0.0128906,0.0128906
145,0.0128906,0.0128906
146,0.0128906,0.0128906
147,0.0128906,0.0128906
148,0.175,0.11875
149,0.175,0.11875
150,0.187891,0.131641
151,0.200781,0.144531
152,0.200781,0.144531
153,0.0591797,0.0591797
154,0.0591797,0.0591797
155,0.0591797,0.0591797
156,0.0591797,0.0591797
157,0.0128906,0.0128906
158,0.0257812,0.0257812
159,0.0257812,0.0257812
160,0.0591797,0.0462891
161,0.0591797,0.0462891
162,0.0720703,0.0591797
163,0.0667969,0.0333984
164,0.0796875,0.0667969
165,0.0796875,0.0667969
166,0.0796875,0.0667969
167,0.0796875,0.0667969
168,0.0796875,0.0667969
169,0.0796875,0.0667969
170,0.0796875,0.0667969
171,0.0128906,0.0128906
172,0.0128906,0.0128906
173,0.0128906,0.0128906
174,0.0128906,0.0128906
175,0.0128906,0.0128906
176,0.0257812,0.0257812
177,0.0257812,0.0257812
178,0.0257812,0.0257812
179,0.0257812,0.0257812
180,0.29375,0.0660156.
181,0.513086,1.85957
182,0.778125,2.19141
183,1.19766,2.81348
184,1.39121,3.20937
185,1.39121,3.20937
186,0.903906,1.39082
187,0.903906,1.39082
188,0.23457,0.728906
189,0.0591797,0.0462891
190,0.0591797,0.0462891
191,0.0591797,0.0462891
192,0.0591797,0.0462891
193,0.0257812,0.0128906
194,0.0257812,0.0257812
195,0.0257812,0.0257812
196,0.0257812,0.0257812
197,0.0257812,0.0257812
198,0.0257812,0.0257812
199,0.0128906,0.0128906
200,0.0128906,0.0128906
201,0.0128906,0.0128906
202,0.0128906,0.0128906
203,0.0128906,0.0128906
204,0.0128906,0.0128906
205,0.0128906,0.0128906
206,0.0128906,0.0128906
207,0.0128906,0.0128906
208,0.0128906,0.0128906
209,0.0128906,0.0128906
210,0.0128906,0.0128906
211,0.0257812,0.0257812
212,0.0591797,0.0462891
213,0.0591797,0.0462891
214,0.0720703,0.0591797
215,0.0720703,0.0591797
216,0.0591797,0.0462891
217,0.102539,0.0773437
218,0.102539,0.0773437
219,0.123047,0.0849609
220,0.123047,0.0849609
221,0.123047,0.0849609
222,0.123047,0.0849609
223,0.123047,0.0849609
224,0.0128906,0.0128906
225,0.0128906,0.0128906
226,0.0128906,0.0128906
227,0.0257812,0.0257812
228,0.0257812,0.0257812
229,0.0257812,0.0257812
230,0.0257812,0.0257812
231,0.0257812,0.0257812
232,0.0257812,0.0257812
233,0.0257812,0.0257812
234,0.0128906,0.0128906
235,0.0767578,0.065625
236,0.0767578,0.065625
237,0.0767578,0.065625
238,0.0767578,0.065625
239,0.127734,0.0914062
240,0.0767578,0.0386719
241,0.0767578,0.0386719
242,0.0767578,0.0386719
243,0.0767578,0.0386719
244,0.0767578,0.0386719
245,0.0128906,0.0128906
246,0.0128906,0.0128906
247,0.0257812,0.0257812
248,0.0257812,0.0257812
249,0.0257812,0.0257812
250,0.0257812,0.0257812
251,0.0257812,0.0257812
252,0.0257812,0.0257812
253,0.0257812,0.0257812
254,0.0257812,0.0257812
255,0.0128906,0
256,0.0386719,0.0386719
257,0.0386719,0.0386719
258,0.0386719,0.0386719
259,0.0386719,0.0386719
260,0.0386719,0.0386719
261,0.0386719,0.0386719
262,0.0386719,0.0386719
263,0.0386719,0.0386719
264,0.0638672,0.0410156
265,0.0638672,0.0410156
266,0.0767578,0.0539063
267,0.444336,0.274414
268,0.758594,0.398438
269,0.890625,1.53613
270,0.890625,1.53613
271,0.890625,1.53613
272,0.644531,1.49199
273,0.305273,1.24805
274,0.305273,1.24805
275,0.305273,1.24805
276,0.305273,1.24805
277,0.0455078,0.0447266
278,0.0455078,0.0447266
279,0.421875,1.77129
280,0.421875,1.77129
281,0.421875,1.77129
282,0.421875,1.77129
283,0.421875,1.77129
284,0.421875,1.77129
285,0.421875,1.77129
286,0.421875,1.77129
287,0.0128906,0.0128906
288,0.0128906,0.0128906
289,0.0128906,0.0128906
290,0.0128906,0.0128906
291,0.0128906,0.0128906
292,0.0128906,0.0128906
293,0.0128906,0.0128906
294,0.0128906,0.0128906
295,0.0128906,0.0128906
296,0.0128906,0.0128906
297,0.0386719,0.0257812
298,0.0644531,0.0515625
299,0.0644531,0.0515625
300,0.0644531,0.0515625
301,0.0644531,0.0515625
302,0.0644531,0.0515625
303,0.0644531,0.0515625
304,0.0644531,0.0515625
305,0.0644531,0.0515625
306,0.0644531,0.0515625
307,0.0644531,0.0515625
308,2.04531,4.82227
309,4.14355,11.2934
310,5.63027,12.3029
311,5.69629,12.4625
312,6.91035,13.3002
313,4.91055,8.92363
314,2.90332,2.69648
315,2.90332,2.69648
316,2.90332,2.69648
317,0.693164,0.40625
318,0.961914,0.709375
319,0.961914,0.709375
320,0.961914,0.709375
321,0.961914,0.709375
322,0.314258,0.328906
323,0.314258,0.328906
324,0.314258,0.328906
325,0.328516,0.245898
326,0.328516,0.258789
327,0.7625,0.44082
328,1.18633,0.728906
329,1.18633,0.741797
330,1.95762,5.50391
331,1.71934,13.575
332,2.31191,20.0994
333,2.49707,23.1607
334,2.47656,22.9242
335,2.47656,22.9242
336,2.47656,22.9242
337,1.18184,3.9123
338,1.18184,3.9123
339,1.14766,0.602539
340,1.14766,0.602539
341,1.14766,0.602539
342,1.14766,0.602539
343,1.14766,0.602539
344,0.286719,0.216211
345,0.796875,0.303516
346,1.84199,4.19844
347,2.26484,4.43711
348,2.26484,4.43711
349,2.41406,5.49395
350,2.24277,5.68457
351,2.24277,5.68457
352,1.01348,1.61016
353,1.04688,1.83359
354,1.04688,1.83359
355,1.04688,1.83359
356,0.297852,0.308398
357,0.513672,0.511328
358,0.513672,0.308398
359,0.513672,0.308398
360,0.513672,0.308398
361,0.513672,0.308398
362,0.347461,1.1834
363,0.653906,10.3152
364,1.42695,11.5488
365,1.48613,11.8543
366,1.51191,11.8801
367,1.99434,11.2004
368,1.68027,2.6418
369,1.5875,1.17676
370,1.54805,1.55078
371,1.54805,1.55078
372,1.54805,1.55078
373,0.951563,1.21816
374,0.532422,0.907422
375,0.532422,0.907422
376,0.284961,0.235547
377,0.748438,0.485352
378,0.748438,0.485352
379,0.748438,0.485352
380,0.748438,0.485352
381,0.748438,0.485352
382,0.084375,0.0490234
383,0.117773,0.0824219
384,0.425586,0.318555
385,0.425586,0.318555
386,1.35117,3.21055
387,1.98906,4.14746
388,2.27441,4.38809
389,2.3957,4.48086
390,2.65039,4.72715
391,2.65039,4.72715
392,2.65039,4.72715
393,0.922461,0.826563
394,0.796484,0.721289
395,0.796484,0.721289
396,0.796484,0.721289
397,0.796484,0.721289
398,0.4625,0.274219
399,0.4625,0.274219
400,0.4625,0.274219
401,0.4625,0.274219
402,0.475391,0.287109
403,0.475391,0.287109
404,0.0462891,0.0462891
405,0.0462891,0.0462891
406,0.0462891,0.0462891
407,0.0462891,0.0462891
408,0.0462891,0.0462891
409,0.942383,0.552344
410,1.21719,0.807227
411,1.21719,0.807227
412,1.21719,0.807227
413,1.45625,1.03672
414,1.45625,1.03672
415,0.251953,0.242383
416,0.251953,0.242383
417,0.251953,0.242383
418,0.0462891,0.0462891
419,0.496875,0.239844
420,0.496875,0.252734
421,0.496875,0.252734
422,0.496875,0.252734
423,0.496875,0.252734
424,0.496875,0.252734
425,1.36152,0.955859
426,1.36152,0.955859
427,1.36152,0.955859
428,1.36152,0.955859
429,1.36152,0.955859
430,0.0333984,0.0333984
431,0.0333984,0.0333984
432,0.456055,0.264648
433,0.456055,0.264648
434,0.456055,0.264648
435,0.435547,0.244141
436,0.435547,0.244141
437,0.0925781,0.264648
438,0.0796875,0.0796875
439,0.0796875,0.0796875
440,0.0796875,0.0796875
441,0.698438,0.0462891
442,1.12129,1.40273
443,1.78223,2.19297
444,1.78223,2.19297
445,2.0209,2.43301
446,2.0209,2.43301
447,2.36309,8.7373
448,2.39746,16.7988
449,2.90254,20.6078
450,2.90254,20.6078
451,2.90254,20.6078
452,2.90254,20.6078
453,0.558203,0.31875
454,0.591602,0.352148
455,0.604492,0.365039
456,0.604492,0.365039
457,0.604492,0.365039
458,0.1875,0.0607422
459,0.480273,0.921289
460,0.513672,0.941797
461,0.513672,0.941797
462,0.739844,1.17656
463,1.58926,2.10957
464,1.19551,1.26035
465,1.37559,1.46172
466,1.45996,1.51074
467,1.45996,1.51074
468,0.33418,0.337695
469,0.33418,0.337695
470,0.33418,0.337695
471,0.0697266,0.100195
472,0.0697266,0.100195
473,0.517187,0.304688
474,0.517187,0.304688
475,0.517187,0.304688
476,0.517187,0.304688
477,0.517187,0.304688
478,0.0333984,0.0333984
479,0.0333984,0.0333984
480,0.0333984,0.0333984
481,0.0333984,0.0333984
482,0.478516,0.305859
483,1.18203,0.77793
484,1.18203,0.77793
485,1.39473,1.0166
486,1.39473,1.0166
487,0.9625,0.757031
488,0.9625,0.757031
489,0.9625,0.757031
490,0.9625,0.757031
491,0.0462891,0.0462891
492,0.0462891,0.0462891
493,0.425781,0.0333984
494,0.510742,0.308008
495,0.510742,0.308008
496,0.510742,0.308008
497,0.510742,0.308008
498,0.510742,0.308008
499,0.0333984,0.0333984
500,0.0333984,0.0333984
501,0.0333984,0.0333984
502,0.478711,0.321875
503,0.810547,0.588086
504,1.21738,0.795898
505,1.43047,1.05195
506,1.43047,1.05195
507,1.43047,1.05195
508,1.43047,1.05195
509,1.43047,1.05195
510,1.43047,1.05195
511,0.0333984,0.0333984
512,0.0333984,0.0333984
513,0.0333984,0.0333984
514,0.475781,0.289648
515,0.488672,0.302539
516,0.488672,0.302539
517,0.488672,0.302539
518,0.488672,0.302539
519,0.0462891,0.0462891
520,0.0462891,0.0462891
521,0.0462891,0.0462891
522,0.470898,0.325977
523,0.776758,0.608789
524,1.19023,0.832812
525,1.37656,0.832812
526,1.40996,1.0332
527,1.40996,1.0332
528,1.40996,1.0332
529,1.40996,1.0332
530,1.40996,1.0332
531,0.0333984,0.0333984
532,0.0333984,0.0333984
533,0.0333984,0.0333984
534,0.469922,0.300977
535,0.469922,0.300977
536,0.469922,0.300977
537,0.469922,0.300977
538,0.469922,0.300977
539,0.0333984,0.0333984
540,0.0333984,0.0333984
541,0.0333984,0.0333984
542,0.411328,0.0462891
543,0.781445,1.5209
544,1.2375,1.77813
545,1.2375,1.77813
546,1.45098,2.02148
547,1.45098,2.02148
548,1.45098,2.02148
549,1.45098,2.02148
550,1.45098,2.02148
551,0.0333984,0.0333984
552,0.0333984,0.0333984
553,0.0333984,0.0333984
554,0.470508,0.289453
555,0.470508,0.289453
556,0.470508,0.289453
557,0.470508,0.289453
558,0.470508,0.289453
559,0.0333984,0.0333984
560,0.0333984,0.0333984
561,0.0333984,0.0333984
562,0.452734,1.40488
563,1.13613,1.73164
564,1.62422,2.67871
565,1.62422,2.67871
566,1.8373,2.94609
567,1.8373,2.94609
568,1.8373,2.94609
569,1.8373,2.94609
570,1.8373,2.94609
571,0.0462891,0.0462891
572,0.0462891,0.0462891
573,0.0462891,0.0462891
574,0.481445,0.257031
575,0.481445,0.257031
576,0.481445,0.257031
577,0.481445,0.257031
578,1.3666,0.835156
579,1.3666,0.835156
580,1.29668,0.891602
581,1.34238,1.12305
582,1.54512,8.23652
583,2.24414,16.1705
584,3.54688,22.7852
585,3.51055,29.4904
586,3.29531,31.1627
587,3.52813,31.1932
588,3.19863,33.1367
589,3.30059,34.2457
590,3.16621,33.1484
591,3.83711,39.9244
592,2.33379,30.5014
593,2.35664,31.0693
594,2.32363,31.5986
595,1.88906,32.5289
596,2.38027,39.6543
597,1.72949,32.516
598,1.775,33.3164
599,2.2502,31.9094
600,2.0291,31.9223
601,2.16934,32.2633
602,1.68496,31.3838
603,1.22676,31.9131
604,1.47168,31.5904
605,1.31777,31.5205
606,1.26621,32.116
607,1.12168,31.8191
608,1.03926,32.6711
609,1.45605,40.9453
610,1.41504,32.9809
611,2.27852,33.2906
612,2.42656,32.7871
613,2.21758,31.8779
614,3.47539,29.5016
615,6.25938,32.5117
616,5.93066,24.5223
617,6.14766,24.9914
618,6.66387,27.9471
619,5.1127,22.2822
620,5.1127,22.2822
621,1.02598,11.701
622,1.02598,11.701
623,1.02598,11.701
624,0.0925781,0.0667969
625,0.521289,0.392383
626,1.24336,0.714453
627,1.28965,0.80293
628,1.28965,0.80293
629,1.28965,0.80293
630,0.449414,0.474023
631,0.475195,0.515039
632,0.475195,0.515039
633,0.475195,0.515039
634,0.475195,0.515039
635,0.265625,0.27832
636,0.800781,0.548828
637,0.94375,0.672656
638,1.42891,2.12871
639,1.42891,2.12871
640,1.42891,2.12871
641,1.42891,2.12871
642,0.0333984,0.0205078
643,0.0667969,0.0539063
644,1.42207,5.35137
645,1.54277,7.83691
646,2.33828,8.3332
647,2.34355,8.35898
648,1.18027,3.89297
649,1.18027,3.90586
650,1.11113,0.812305
651,0.328516,0.341797
652,0.328516,0.341797
653,0.328516,0.341797
654,0.289844,0.290234
655,0.452344,0.0333984
656,0.498633,0.688867
657,0.980664,0.944727
658,1.18164,0.944727
659,1.70625,3.525
660,2.12969,11.2203
661,1.71719,14.6373
662,2.07344,15.2064
663,2.18281,15.5049
664,1.88848,13.7658
665,1.56719,8.01621
666,1.39375,13.9643
667,2.37227,14.568
668,2.3875,14.5131
669,2.3875,14.5131
670,1.71328,7.86758
671,1.71328,7.86758
672,0.246875,0.224414
673,0.246875,0.224414
674,0.246875,0.224414
675,0.0539063,0.0205078
676,0.342187,0.317187
677,0.342187,0.317187
678,1.26113,1.85898
679,1.79746,2.43926
680,1.79746,2.43926
681,1.79746,2.43926
682,1.79746,2.43926
683,0.549219,0.593164
684,0.0462891,0.0462891
685,0.0796875,0.0667969
686,0.0796875,0.0667969
687,0.0796875,0.0667969
688,0.583789,0.317969
689,0.583789,0.317969
690,0.700781,0.289844
691,0.793359,0.515625
692,0.793359,0.515625
693,0.793359,0.515625
694,0.289258,0.264453
695,0.289258,0.264453
696,0.317187,0.285742
697,0.350586,0.30625
698,0.785156,0.534766
699,1.18047,0.810938
700,1.18047,0.810938
701,1.45566,3.6209
702,1.45566,3.6209
703,1.02109,3.39238
704,1.02109,3.39238
705,1.02109,3.39238
706,1.02109,3.39238
707,0.0796875,0.0667969
708,0.536914,0.29043
709,0.570312,0.310937
710,0.75,0.310937
711,0.82207,0.567187
712,0.82207,0.567187
713,0.82207,0.567187
714,0.82207,0.567187
715,0.285156,0.276758
716,0.337695,0.261719
717,0.337695,0.261719
718,0.946289,0.505859
719,1.21387,0.788281
720,1.15566,1.99883
721,1.5416,3.87695
722,1.97051,4.13086
723,1.92813,11.0537
724,2.12148,19.8572
725,1.6752,26.1623
726,1.48594,34.7119
727,1.3127,34.9758
728,1.54824,33.3281
729,2.80312,40.1887
730,2.79785,38.5539
731,2.26895,31.9895
732,2.46914,40.509
733,1.26973,33.9869
734,1.43301,35.3635
735,1.88437,43.3361
736,1.63672,34.4668
737,2.06016,41.8891
738,1.72227,35.0346
739,2.22832,35.1521
740,2.56699,42.3162
741,2.05176,35.2309
742,2.26484,44.0344
743,1.1084,35.8723
744,0.988867,37.8215
745,0.996484,37.8215
746,1.95312,42.366
747,2.02578,33.2771
748,1.96055,24.1543
749,1.96055,24.1543
750,1.34746,1.13457
751,2.03184,1.39023
752,2.17188,1.40898
753,1.95352,1.42012
754,1.95352,1.42012
755,1.95352,1.42012
756,1.95352,1.42012
757,0.0474609,0.323828
758,0.114258,0.696289
759,0.114258,0.696289
760,0.575977,0.715234
761,0.726172,0.753125
762,0.770508,1.04902
763,0.69082,0.380859
764,0.69082,0.380859
765,0.69082,0.380859
766,0.688672,1.24883
767,0.688672,1.24883
768,0.822852,1.15684
769,0.822852,1.15684
770,1.44004,1.4166
771,1.44004,1.4166
772,1.44004,1.4166
773,1.44004,1.4166
774,1.44004,1.4166
775,1.44004,1.4166
776,0.0333984,0.0333984
777,0.0333984,0.0333984
778,0.0333984,0.0333984
779,0.0333984,0.0333984
780,0.503906,0.288281
781,0.503906,0.288281
782,0.503906,0.288281
783,0.503906,0.288281
784,0.503906,0.288281
785,0.503906,0.288281
786,0.490039,0
787,0.630273,0.0128906
788,0.931055,0.0462891
789,1.35117,0.775
790,2.05137,0.813672
791,1.56133,0.969922
792,1.37129,1.4873
793,1.37129,1.5002
794,1.37129,1.5002
795,0.263867,0.745703
796,0.180273,0.719922
797,0.0914062,0.0628906
798,0.351172,0.118164
799,0.410352,0.664258
800,0.397461,0.664258
801,0.777344,0.664258
802,0.801758,0.861719
803,0.801758,0.861719
804,0.801758,0.861719
805,0.801758,0.861719
806,0.801758,0.861719
807,0.0205078,0
808,0.0205078,0
809,0.219727,0.028125
810,0.26543,0.257812
811,0.657422,0.27832
812,0.923242,0.835547
813,0.923242,0.835547
814,0.724023,0.820312
815,0.724023,0.820312
816,0.306836,0.570117
817,0.0539063,0.0257812
818,0.170703,0.134766
819,0.583984,0.121875
820,0.656055,0.404883
821,1.09004,0.440625
822,1.11582,0.664844
823,0.999023,0.56875
824,0.999023,0.56875
825,0.999023,0.56875
826,0.0720703,0.262891
827,0.0720703,0.262891
828,0.0591797,0.0462891
829,0.0591797,0.0462891
830,0.0591797,0.0462891
831,0.695508,0.512305
832,0.9,1.24629
833,0.933398,1.69668
834,0.933398,1.69668
835,0.933398,1.69668
836,0.933398,1.69668
837,0.933398,1.69668
838,0.0333984,0.0333984
839,0.0333984,0.0333984
840,0.48457,0.254687
841,0.48457,0.254687
842,0.994336,0.528125
843,0.994336,0.528125
844,0.994336,0.528125
845,0.994336,0.528125
846,0.522656,0.286328
847,0.522656,0.286328
848,0.0462891,0.0462891
849,0.112891,0.0978516
850,0.112891,0.0978516
851,0.339063,0.305469
852,0.769531,0.505273
853,1.00977,0.714648
854,1.00977,0.714648
855,1.00977,0.714648
856,1.00977,0.714648
857,0.771094,0.535937
858,0.74668,0.544922
859,1.03242,0.796289
860,1.27031,1.32285
861,1.27031,1.33574
862,1.33711,1.26426
863,1.36387,2.17344
864,2.09746,2.76855
865,2.09746,2.76855
866,2.09746,2.76855
867,2.09746,2.76855
868,2.09746,2.76855
869,2.09746,2.76855
870,0.0333984,0.0333984
871,0.213086,0.0462891
872,0.679883,0.294922
873,1.05957,0.855859
874,1.07246,0.86875
875,1.07246,0.86875
876,1.07246,0.86875
877,1.07246,0.86875
878,1.07246,0.86875
879,0.0333984,0.0333984
880,0.425586,0.0333984
881,0.484766,0.274805
882,0.910742,0.274805
883,0.969922,0.522266
884,0.969922,0.522266
885,0.969922,0.522266
886,0.969922,0.522266
887,0.969922,0.522266
888,0.969922,0.522266
889,0.0333984,0.0333984
890,0.0333984,0.0333984
891,0.0462891,0.0462891
892,0.285352,0.243555
893,0.99082,0.812109
894,1.40527,1.09336
895,1.83418,1.37344
896,1.83418,1.37344
897,1.83418,1.37344
898,1.83418,1.37344
899,1.83418,1.37344
900,0.0333984,0.0333984
901,0.317578,0.288477
902,0.330469,0.301367
903,0.847266,0.551758
904,0.847266,0.551758
905,0.847266,0.551758
906,0.847266,0.551758
907,0.847266,0.551758
908,0.0333984,0.0333984
909,0.0333984,0.0333984
910,0.0333984,0.0333984
911,0.0333984,0.0333984
912,0.515625,0.259375
913,1.4252,0.746484
914,1.45098,1.04336
915,1.45098,1.04336
916,1.45098,1.04336
917,1.45098,1.04336
918,1.45098,1.04336
919,0.0462891,0.0462891
920,0.0462891,0.0462891
921,0.354883,0.316016
922,0.354883,0.316016
923,0.884375,0.592383
924,0.884375,0.592383
925,0.884375,0.592383
926,0.884375,0.592383
927,0.884375,0.592383
928,0.0333984,0.0333984
929,0.0333984,0.0333984
930,0.0462891,0.0462891
931,0.0462891,0.0462891
932,0.271875,0.0591797
933,0.767383,0.543945
934,1.1457,0.556836
935,1.21777,1.63066
936,1.23301,1.71758
937,1.23301,1.71758
938,1.23301,1.71758
939,1.23301,1.71758
940,0.0357422,0.0869141
941,0.32168,0.277148
942,0.32168,0.277148
943,0.800781,0.277148
944,0.933789,0.497461
945,0.913281,0.525586
946,0.913281,0.525586
947,0.913281,0.525586
948,0.913281,0.525586
949,0.0205078,0.028125
950,0.0205078,0.028125
951,0.0333984,0.0333984
952,0.264062,0.0667969
953,0.643555,0.0667969
954,0.758984,0.295898
955,1.13008,0.380273
956,1.14531,0.500781
957,1.16348,0.736719
958,1.16348,0.736719
959,0.0744141,0.436133
960,0.0744141,0.436133
961,0.301562,0.282227
962,0.275781,0.0128906
963,0.334961,0.576563
964,0.81582,0.622852
965,0.81582,0.622852
966,0.593945,0.830078
967,0.573438,0.842969
968,0.573438,0.842969
969,0.573438,0.842969
970,0.573438,0.842969
971,0.573438,0.842969
972,0.573438,0.842969
973,0.573438,0.842969
974,0.540234,0
975,0.540234,0
976,0.883008,0.150391
977,1.34492,0.435547
978,1.05977,0.482422
979,1.40332,1.54473
980,1.68887,1.83359
981,1.6793,1.93203
982,1.2918,1.93672
983,1.25605,1.90273
984,1.25605,1.90273
985,0.923437,0.761328
986,0.603125,0.525391
987,0.603125,0.525391
988,0.603125,0.525391
989,0.603125,0.525391
990,0.603125,0.525391
991,0.603125,0.525391
992,0.603125,0.525391
993,0.603125,0.525391
994,0.603125,0.525391
995,0.374609,0
996,0.408008,0.237891
997,0.408008,0.237891
998,0.408008,0.237891
999,0.792383,0.237891
1000,1.02754,0.533984
1001,0.645312,0.486133
1002,0.857031,0.486133
1003,0.916211,0.737695
1004,0.916211,0.737695
1005,0.916211,0.737695
1006,0.543359,0.494922
1007,0.55625,0.507812
1008,0.55625,0.507812
1009,0.55625,0.507812
1010,0.55625,0.507812
1011,0.0257812,0.0386719
1012,0.0257812,0.0386719
1013,0.0257812,0.0386719
1014,0.0257812,0.0386719
1015,0.0257812,0.0257812
1016,0.43418,0.269336
1017,0.43418,0.269336
1018,0.43418,0.269336
1019,0.43418,0.269336
1020,0.805469,0.256445
1021,0.606445,0.29668
1022,0.619336,0.521289
1023,0.83125,0.521289
1024,0.864648,0.764648
1025,0.864648,0.764648
1026,0.758008,1.02051
1027,0.758008,1.02051
1028,0.758008,1.02051
1029,0.758008,1.02051
1030,0.785352,0.255859
1031,0.481836,0
1032,0.944336,4.34219
1033,1.4623,6.18828
1034,1.80898,6.96895
1035,1.58789,7.50039
1036,1.8832,7.51328
1037,1.46699,3.35098
1038,1.46699,3.35098
1039,0.602344,0.737109
1040,0.602344,0.737109
1041,0.0591797,0.476758
1042,0.419922,1.79004
1043,0.504883,2.29531
1044,0.919336,2.3082
1045,0.932227,2.41094
1046,1.34727,2.12695
1047,0.99043,1.14102
1048,0.724609,0.641406
1049,0.758008,0.674805
1050,0.758008,0.674805
1051,0.758008,0.674805
1052,0.758008,0.674805
1053,0.758008,0.674805
1054,0.758008,0.674805
1055,0.758008,0.674805
1056,0.758008,0.674805
1057,0.470313,0.228125
1058,0.470313,0.228125
1059,0.470313,0.228125
1060,0.470313,0.228125
1061,0.50293,0.259961
1062,0.50293,0.259961
1063,0.673437,0.566016
1064,0.673437,0.566016
1065,0.673437,0.566016
1066,0.673437,0.566016
1067,1.11855,0.777148
1068,1.11855,0.777148
1069,0.716211,0.805273
1070,0.729102,0.818164
1071,0.729102,0.818164
1072,0.729102,0.818164
1073,0.729102,0.818164
1074,0.729102,0.818164
1075,0.729102,0.818164
1076,0.729102,0.818164
1077,0.729102,0.818164
1078,0.47168,0.272461
1079,0.47168,0.272461
1080,0.47168,0.272461
1081,0.47168,0.272461
1082,0.47168,0.272461
1083,0.605469,0
1084,0.881641,0
1085,0.943164,0.522852
1086,0.943164,0.522852
1087,0.943164,0.522852
1088,0.756445,0.522852
1089,0.723828,0.762305
1090,0.700977,0.451172
1091,0.700977,0.451172
1092,0.700977,0.451172
1093,0.700977,0.451172
1094,0.700977,0.451172
1095,0.700977,0.451172
1096,0.700977,0.451172
1097,0.700977,0.451172
1098,0.472266,0.270312
1099,0.472266,0.270312
1100,0.472266,0.270312
1101,0.505664,0.29082
1102,0.505664,0.29082
1103,0.505664,0.29082
1104,0.505664,0.29082
1105,0.665039,0.541602
1106,0.665039,0.541602
1107,0.665039,0.541602
1108,0.665039,0.541602
1109,1.04863,0.546875
1110,0.695703,0.501367
1111,0.695703,0.514258
1112,0.695703,0.514258
1113,0.695703,0.514258
1114,0.695703,0.514258
1115,0.695703,0.514258
1116,0.695703,0.514258
1117,0.695703,0.514258
1118,0.461328,2.59551
1119,1.24648,3.8416
1120,1.52012,4.12109
1121,1.94922,4.48477
1122,1.94922,4.53633
1123,1.78984,2.35605
1124,1.01387,0.854102
1125,1.49922,1.09121
1126,1.19277,1.2707
1127,0.937305,1.35215
1128,1.17676,1.35215
1129,1.47852,1.35215
1130,1.08086,1.2627
1131,1.17227,1.57539
1132,1.23066,1.925
1133,1.64414,1.925
1134,1.08965,1.19062
1135,1.1541,1.98398
1136,1.03906,1.68418
1137,1.03906,1.68418
1138,1.03906,1.68418
1139,0.538281,1.03164
1140,0.473828,0.242969
1141,0.473828,0.242969
1142,0.473828,0.242969
1143,0.473828,0.242969
1144,0.473828,0.242969
1145,0.473828,0.242969
1146,0.0128906,0.0128906
1147,0.0257812,0.0257812
1148,0.0257812,0.0257812
1149,0.418945,0.0257812
1150,0.879102,0.595117
1151,0.879102,0.595117
1152,1.45195,1.76934
1153,1.45195,1.76934
1154,1.45195,1.76934
1155,0.974609,1.2
1156,1.00801,1.43574
1157,1.00801,1.43574
1158,1.00801,1.43574
1159,0.598242,0.235742
1160,0.631641,0.470313
1161,0.631641,0.470313
1162,0.631641,0.470313
1163,0.612109,0.249023
1164,0.407617,0.858594
1165,0.739648,2.54258
1166,0.810156,2.70605
1167,0.810156,2.71895
1168,0.810156,2.71895
1169,0.810156,2.71895
1170,0.50625,0.463867
1171,0.50625,0.463867
1172,1.01699,0.721094
1173,1.01699,0.721094
1174,1.02988,0.733984
1175,0.622266,0.539844
1176,0.89668,1.14023
1177,0.89668,1.14023
1178,0.346484,0.672461
1179,0.346484,0.672461
1180,0.803906,0.92168
1181,0.803906,0.92168
1182,0.803906,0.92168
1183,0.803906,0.92168
1184,0.803906,0.92168
1185,0.803906,0.92168
1186,0.803906,0.92168
1187,0.803906,0.92168
1188,0.803906,0.92168
1189,0.803906,0.92168
1190,0.45918,0.258594
1191,0.45918,0.258594
1192,1.00078,0.258594
1193,1.04707,0.719727
1194,1.05996,0.732617
1195,1.05996,0.732617
1196,0.702734,0.686719
1197,0.702734,0.699609
1198,0.702734,0.699609
1199,0.702734,0.699609
1200,0.800586,0.225586
1201,0.657227,0.342383
1202,0.657227,0.370508
1203,0.670117,0.383398
1204,0.670117,0.383398
1205,0.670117,0.383398
1206,0.0386719,0.0386719
1207,0.0386719,0.0386719
1208,0.0386719,0.0386719
1209,0.0591797,0.0591797
1210,0.475586,0.291992
1211,0.475586,0.291992
1212,0.462695,0.291992
1213,1.09785,0.835352
1214,1.09785,0.835352
1215,1.09785,0.835352
1216,0.883398,0.543359
1217,0.916797,0.800781
1218,0.916797,0.800781
1219,0.916797,0.800781
1220,0.744727,0.454883
1221,0.744727,0.454883
1222,0.744727,0.454883
1223,0.475977,0.210352
1224,0.522266,0.24375
1225,0.522266,0.24375
1226,0.522266,0.24375
1227,0.522266,0.24375
1228,0.522266,0.24375
1229,0.522266,0.24375
1230,0.417383,0.230078
1231,0.430273,0.242969
1232,0.430273,0.242969
1233,1.06738,0.744336
1234,1.06738,0.744336
1235,0.662891,0.527148
1236,0.662891,0.527148
1237,0.328125,0.285937
1238,0.341016,0.298828
1239,0.341016,0.298828
1240,0.794922,0.477734
1241,0.794922,0.477734
1242,0.794922,0.477734
1243,0.794922,0.477734
1244,0.794922,0.477734
1245,0.794922,0.477734
1246,0.794922,0.477734
1247,0.794922,0.477734
1248,0.794922,0.477734
1249,0.794922,0.477734
1250,0.794922,0.477734
1251,0.514453,0
1252,0.583594,0.416016
1253,1.12363,0.444141
1254,1.14941,0.587891
1255,1.16465,0.88125
1256,0.692187,0.970703
1257,0.855859,1.35469
1258,0.889258,1.50312
1259,0.546875,1.80449
1260,0.575,2.35938
1261,0.929688,1.85391
1262,0.705664,1.75742
1263,0.705664,1.75742
1264,0.705664,1.75742
1265,0.705664,1.75742
1266,0.0849609,0.251953
1267,0.0849609,0.251953
1268,0.0591797,0.0462891
1269,0.0591797,0.0462891
1270,0.0591797,0.0462891
1271,0.463867,0.276563
1272,0.463867,0.276563
1273,0.463867,0.276563
1274,0.463867,0.276563
1275,0.463867,0.276563
1276,0.225977,0.226172
1277,0.225977,0.226172
1278,0.464063,0.815234
1279,0.464063,0.815234
1280,0.8875,1.07949
1281,1.16191,1.0875
1282,1.1748,1.10039
1283,0.957227,0.511328
1284,0.977734,0.511328
1285,0.567187,0.267578
1286,0.567187,0.267578
1287,0.0667969,0.0333984
1288,0.0667969,0.0333984
1289,0.0667969,0.0333984
1290,0.0638672,0.0386719
1291,0.0638672,0.0386719
1292,0.477539,0.294531
1293,0.477539,0.294531
1294,0.477539,0.294531
1295,0.477539,0.294531
1296,0.704687,0.26875
1297,0.324414,0.225586
1298,0.582227,0.425977
1299,0.582227,0.438867
1300,1.01758,0.712891
1301,1.01758,0.712891
1302,1.2,0.732617
1303,1.2,0.732617
1304,1.2,0.732617
1305,1.2,0.732617
1306,1.2,0.732617
1307,1.2,0.732617
1308,1.2,0.732617
1309,1.2,0.732617
1310,1.2,0.732617
1311,1.2,0.732617
1312,0.416211,0.239063
1313,0.429102,0.251953
1314,0.429102,0.251953
1315,0.441992,0.264844
1316,0.441992,0.264844
1317,0.242969,0.249609
1318,0.475195,0.428711
1319,0.475195,0.428711
1320,0.886719,0.675195
1321,0.937695,0.725586
1322,0.937695,0.725586
1323,0.972461,0.528516
1324,0.972461,0.528516
1325,0.972461,0.528516
1326,0.972461,0.528516
1327,0.972461,0.528516
1328,0.972461,0.528516
1329,0.972461,0.528516
1330,0.972461,0.528516
1331,0.972461,0.528516
1332,0.972461,0.528516
1333,0.423438,0.232617
1334,0.423438,0.232617
1335,0.423438,0.232617
1336,0.423438,0.232617
1337,0.487305,0.29707
1338,0.294141,0.268945
1339,0.539062,0.54375
1340,0.539062,0.54375
1341,0.898242,0.789258
1342,0.898242,0.789258
1343,1.16367,0.822266
1344,0.931641,0.560352
1345,0.931641,0.560352
1346,0.931641,0.560352
1347,0.931641,0.560352
1348,0.931641,0.560352
1349,0.931641,0.560352
1350,0.931641,0.560352
1351,0.931641,0.560352
1352,0.931641,0.560352
1353,0.420703,0.205859
1354,0.420703,0.205859
1355,0.420703,0.205859
1356,0.420703,0.205859
1357,0.420703,0.205859
1358,0.324219,0.210547
1359,0.617969,0.495898
1360,0.630859,0.52168
1361,1.03223,0.536914
1362,1.34121,0.536914
1363,1.62012,1.50547
1364,1.43418,1.60605
1365,0.986523,1.48008
1366,0.986523,1.48008
1367,0.986523,1.48008
1368,0.986523,1.48008
1369,0.986523,1.48008
1370,0.986523,1.48008
1371,0.986523,1.48008
1372,0.986523,1.48008
1373,0.396289,0
1374,0.442578,0.238672
1375,0.442578,0.238672
1376,0.442578,0.251563
1377,0.442578,0.251563
1378,0.230273,0.247266
1379,0.434766,0.260156
1380,0.493945,0.872656
1381,0.493945,0.872656
1382,0.493945,0.872656
1383,1.18359,1.36992
1384,1.18359,1.36992
1385,1.18359,1.36992
1386,1.18359,1.36992
1387,1.18359,1.36992
1388,1.18359,1.36992
1389,1.18359,1.36992
1390,1.18359,1.36992
1391,1.18359,1.36992
1392,0.0128906,0.0128906
1393,0.45957,0.280859
1394,0.45957,0.280859
1395,0.45957,0.280859
1396,0.45957,0.280859
1397,0.45957,0.280859
1398,0.45957,0.280859
1399,0.277539,0
1400,0.684961,0.4
1401,0.72832,0.642969
1402,0.72832,0.642969
1403,1.50195,1.1625
1404,1.50195,1.1625
1405,1.50195,1.1625
1406,1.50195,1.1625
1407,1.50195,1.1625
1408,1.50195,1.1625
1409,1.50195,1.1625
1410,1.50195,1.1625
1411,1.50195,1.1625
1412,1.50195,1.1625
1413,0.454883,0.248047
1414,0.454883,0.248047
1415,0.454883,0.248047
1416,0.454883,0.248047
1417,0.454883,0.248047
1418,0.454883,0.248047
1419,0.454883,0.248047
1420,0.65293,0.489062
1421,0.65293,0.489062
1422,0.65293,0.489062
1423,1.31719,0.720508
1424,1.36348,0.976953
1425,1.36348,0.976953
1426,1.36348,0.976953
1427,1.36348,0.976953
1428,1.36348,0.976953
1429,1.36348,0.976953
1430,1.36348,0.976953
1431,1.36348,0.976953
1432,1.36348,0.976953
1433,1.36348,0.976953
1434,0.664062,0
1435,0.725586,0.282227
1436,0.725586,0.282227
1437,0.725586,0.282227
1438,0.725586,0.282227
1439,0.725586,0.282227
1440,0.475586,0.419922
1441,0.475586,0.419922
1442,0.475586,0.419922
1443,0.475586,0.419922
1444,1.39922,0.972656
1445,1.39922,0.972656
1446,1.39922,0.972656
1447,1.39922,0.972656
1448,0.936523,0.565625
1449,0.936523,0.565625
1450,0.936523,0.565625
1451,0.936523,0.565625
1452,0.936523,0.565625
1453,0.936523,0.565625
1454,0.936523,0.565625
1455,0.447266,0
1456,0.495898,0.351367
1457,0.495898,0.351367
1458,0.495898,0.351367
1459,0.495898,0.351367
1460,0.429688,0.211328
1461,0.455469,0.407031
1462,0.455469,0.407031
1463,0.455469,0.407031
1464,0.886523,0.407031
1465,1.35254,1.49043
1466,1.39004,2.31875
1467,1.85273,3.55469
1468,2.05586,3.79883
1469,1.64375,3.79883
1470,0.807227,2.75879
1471,0.807227,2.75879
1472,0.807227,2.75879
1473,0.807227,2.75879
1474,0.807227,2.75879
1475,0.429102,0.185937
1476,0.441992,0.211719
1477,0.441992,0.211719
1478,0.441992,0.211719
1479,0.441992,0.211719
1480,0.186914,0
1481,0.47168,0.797852
1482,0.47168,0.797852
1483,0.47168,0.797852
1484,0.47168,0.797852
1485,1.3541,1.10156
1486,0.91582,0.562109
1487,0.91582,0.562109
1488,0.91582,0.562109
1489,0.91582,0.562109
1490,0.91582,0.562109
1491,0.91582,0.562109
1492,0.91582,0.562109
1493,0.91582,0.562109
1494,0.91582,0.562109
1495,0.91582,0.562109
1496,0.413672,0
1497,0.459961,0.223242
1498,0.459961,0.223242
1499,0.459961,0.223242
1500,0.459961,0.223242
1501,0.935156,0.692578
1502,0.935156,0.692578
1503,0.935156,0.692578
1504,0.488086,0.482227
1505,0.411914,0.0515625
1506,0.445312,0.34375
1507,0.934766,0.527734
1508,0.934766,0.527734
1509,0.934766,0.527734
1510,0.934766,0.527734
1511,0.934766,0.527734
1512,0.934766,0.527734
1513,0.934766,0.527734
1514,0.934766,0.527734
1515,0.934766,0.527734
1516,0.934766,0.527734
1517,0.42207,0.264258
1518,0.42207,0.264258
1519,0.42207,0.264258
1520,0.42207,0.264258
1521,0.931055,0.65
1522,0.508984,0.398633
1523,0.508984,0.398633
1524,0.508984,0.398633
1525,0.521875,0.411523
1526,0.446875,0.279102
1527,0.493164,0.299609
1528,0.983008,0.524609
1529,0.983008,0.524609
1530,0.983008,0.524609
1531,0.983008,0.524609
1532,0.502734,0.237891
1533,0.502734,0.237891
1534,0.502734,0.237891
1535,0.502734,0.237891
1536,0.502734,0.237891
1537,0.502734,0.237891
1538,0.423828,0.247266
1539,0.423828,0.247266
1540,0.423828,0.247266
1541,0.885938,0.688281
1542,0.885938,0.701172
1543,0.885938,0.701172
1544,0.885938,0.701172
1545,0.885938,0.701172
1546,0.501953,0.514258
1547,0.468555,0.306641
1548,0.958008,0.544727
1549,0.958008,0.544727
1550,0.958008,0.544727
1551,0.958008,0.544727
1552,0.958008,0.544727
1553,0.958008,0.544727
1554,0.958008,0.544727
1555,0.958008,0.544727
1556,0.958008,0.544727
1557,0.958008,0.544727
1558,0.421484,0
1559,0.519922,0.0128906
1560,0.519922,0.0128906
1561,0.605469,0.0128906
1562,0.92207,0.0486328
1563,0.543359,0.0486328
1564,0.466992,0.0357422
1565,0.677148,0.0486328
1566,0.747461,0.0486328
1567,0.707031,0.102539
1568,1.40645,0.278516
1569,1.40645,0.278516
1570,1.40645,0.278516
1571,1.52363,0.623047
1572,1.52363,0.623047
1573,0.955273,1.36895
1574,1.35703,1.3834
1575,1.48984,3.09004
1576,1.40703,3.1791
1577,1.7252,4.3877
1578,1.85762,6.29043
1579,2.2125,10.2662
1580,2.00254,13.4209
1581,2.45684,17.4096
1582,1.39883,18.2652
1583,1.64492,22.3439
1584,1.20938,18.3037
1585,1.16777,18.3037
1586,1.11152,18.2984
1587,1.27949,22.2742
1588,1.64277,19.0861
1589,1.68809,22.4662
1590,1.93223,26.1994
1591,2.04531,28.9945
1592,1.67695,29.2656
1593,1.84883,27.0086
1594,2.04238,25.3096
1595,2.34941,26.5289
1596,2.28379,29.3816
1597,2.22344,33.9383
1598,2.09863,35.6012
1599,2.10469,35.3043
1600,2.45859,42.1199
1601,1.77441,32.9809
1602,1.56992,31.2641
1603,1.77227,30.425
1604,1.67617,29.2891
1605,1.54316,24.4613
1606,1.52227,20.7824
1607,1.1627,16.2129
1608,1.38398,13.4012
1609,1.51035,12.8332
1610,1.09961,10.5484
1611,1.18984,12.5621
1612,0.500977,6.84141
1613,0.531445,7.42227
1614,0.377344,6.29922
1615,0.476367,7.97734
1616,0.609961,10.8172
1617,0.758594,13.6027
1618,0.761328,13.5898
1619,1.44102,15.0783
1620,1.59043,12.1912
1621,1.59043,12.1912
1622,1.48633,6.23906
1623,1.48633,6.23906
1624,0.797656,1.63477
1625,0.797656,1.63477
1626,0.799414,0.844531
1627,1.1375,1.63477
1628,1.19766,1.56641
1629,1.85098,1.87168
1630,2.3707,2.56484
1631,2.3707,2.56484
1632,2.3707,2.56484
1633,2.3707,2.56484
1634,0.937891,0.770508
1635,0.0333984,0.0128906
1636,0.0462891,0.0462891
1637,0.0615234,0.0667969
1638,0.481836,0.0667969
1639,0.783594,0.121875
1640,1.35391,0.67168
1641,1.35625,0.658789
1642,1.35625,0.658789
1643,1.35625,0.658789
1644,1.35625,0.658789
1645,1.35625,0.658789
1646,1.35625,0.658789
1647,0.0128906,0.0128906
1648,0.0128906,0.0128906
1649,0.0128906,0.0128906
1650,0.704297,0.480469
1651,0.884766,0.480469
1652,1.0248,0.72168
1653,1.08398,0.963086
1654,1.09922,0.996484
1655,0.420703,0.541797
1656,0.420703,0.541797
1657,0.420703,0.541797
1658,0.420703,0.541797
1659,0.420703,0.541797
1660,0.411719,0.563672
1661,0.857813,0.563672
1662,0.922461,0.602344
1663,1.00156,1.28691
1664,1.18867,1.74434
1665,0.896875,2.2877
1666,0.463672,2.32871
1667,0.463672,2.32871
1668,0.463672,2.32871
1669,0.463672,2.32871
1670,0.274805,0.244922
1671,0.744531,0.467773
1672,0.744531,0.467773
1673,1.14785,0.715039
1674,1.14785,0.715039
1675,1.14785,0.715039
1676,1.14785,0.715039
1677,1.14785,0.715039
1678,1.14785,0.715039
1679,1.14785,0.715039
1680,1.14785,0.715039
1681,0.457617,0.21543
1682,0.457617,0.21543
1683,0.470508,0.22832
1684,0.470508,0.22832
1685,0.74043,0.556055
1686,0.74043,0.556055
1687,0.74043,0.556055
1688,0.74043,0.556055
1689,0.74043,0.556055
1690,0.399023,0
1691,0.89707,0.569531
1692,1.01309,0.800586
1693,1.23945,1.0168
1694,1.28574,1.0502
1695,1.28574,1.0502
1696,1.28574,1.0502
1697,1.28574,1.0502
1698,1.28574,1.0502
1699,1.28574,1.0502
1700,1.28574,1.0502
1701,1.28574,1.0502
1702,0.425391,0.227539
1703,0.425391,0.24043
1704,0.425391,0.24043
1705,0.80957,0.24043
1706,0.842969,0.511523
1707,0.842969,0.511523
1708,0.842969,0.511523
1709,0.842969,0.511523
1710,0.842969,0.511523
1711,0.281641,0.233984
1712,0.75,0.469727
1713,0.963086,0.708398
1714,0.975977,0.721289
1715,0.975977,0.721289
1716,0.975977,0.721289
1717,0.975977,0.721289
1718,0.975977,0.721289
1719,0.975977,0.721289
1720,0.975977,0.721289
1721,0.0128906,0.0128906
1722,0.449609,0.305664
1723,0.449609,0.305664
1724,0.449609,0.305664
1725,0.449609,0.305664
1726,0.854688,0.5875
1727,0.854688,0.5875
1728,0.854688,0.5875
1729,0.854688,0.5875
1730,0.854688,0.5875
1731,0.40957,0.268164
1732,0.916992,0.268164
1733,1.01309,0.268164
1734,1.20098,0.546094
1735,1.22676,0.73457
1736,1.22676,0.73457
1737,1.22676,0.73457
1738,1.22676,0.73457
1739,0.359766,0.20293
1740,0.471875,0.64043
1741,0.484766,0.65332
1742,0.883008,0.864648
1743,0.916406,0.898047
1744,0.61582,0.904102
1745,0.61582,0.904102
1746,0.53418,0.377734
1747,0.559961,0.430469
1748,0.559961,0.430469
1749,0.559961,0.430469
1750,0.506055,0.389453
1751,0.325,0.065625
1752,0.823242,0.259766
1753,0.856641,0.295508
1754,0.897656,0.51543
1755,1.06426,0.502539
1756,0.875195,0.73457
1757,0.338867,0.747461
1758,0.338867,0.747461
1759,0.338867,0.747461
1760,0.338867,0.747461
1761,0.338867,0.747461
1762,0.338867,0.747461
1763,0.455078,0.221094
1764,0.455078,0.221094
1765,0.455078,0.221094
1766,0.922461,1.27246
1767,0.922461,1.27246
1768,0.647266,1.90996
1769,0.873828,2.40586
1770,0.873828,2.40586
1771,0.873828,2.40586
1772,0.265234,1.07676
1773,0.768164,0.46543
1774,0.768164,0.47832
1775,0.768164,0.47832
1776,1.04238,0.47832
1777,1.09102,0.730469
1778,0.369141,0.451953
1779,0.369141,0.451953
1780,0.369141,0.451953
1781,0.369141,0.451953
1782,0.369141,0.451953
1783,0.385742,0
1784,0.385742,0.0386719
1785,0.385742,0.0386719
1786,0.742578,0.0386719
1787,0.865039,0.766211
1788,0.865039,0.766211
1789,0.865039,0.766211
1790,0.865039,0.766211
1791,0.865039,0.766211
1792,0.865039,0.766211
1793,0.633008,0
1794,0.730859,0.778516
1795,0.730859,0.778516
1796,0.730859,0.778516
1797,0.413672,1.08887
1798,0.413672,1.1123
1799,0.413672,1.1123
1800,0.413672,1.1123
1801,0.166992,0.0789063
1802,1.16035,0.135156
1803,1.80313,0.341406
1804,1.8623,0.585547
1805,1.8623,0.585547
1806,1.86074,0.598437
1807,1.15762,0.848047
1808,1.15762,0.848047
1809,1.15762,0.848047
1810,1.15762,0.848047
1811,1.15762,0.848047
1812,1.15762,0.848047
1813,0.453711,0
1814,0.736133,0.408594
1815,0.736133,0.408594
1816,0.736133,0.408594
1817,0.949023,0.604102
1818,0.949023,0.604102
1819,0.949023,0.604102
1820,0.949023,0.604102
1821,0.949023,0.604102
1822,0.949023,0.604102
1823,0.403906,0
1824,0.57793,0.251758
1825,0.86875,0.330078
1826,0.995508,0.386328
1827,1.76289,1.27305
1828,1.47852,2.08027
1829,1.62422,4.20781
1830,1.57148,7.6375
1831,1.6084,8.06406
1832,0.720508,7.65664
1833,0.795898,8.28086
1834,1.16973,5.83594
1835,0.962109,2.58066
1836,0.841797,2.30996
1837,0.944141,1.37305
1838,1.06895,0.711914
1839,0.614844,0.711914
1840,0.941797,1.77676
1841,1.73496,1.82988
1842,2.07695,2.98027
1843,2.81094,4.00254
1844,3.32441,4.77383
1845,2.99512,4.05742
1846,2.23945,4.00469
1847,1.58262,3.11133
1848,1.0832,1.94102
1849,0.836523,1.3918
1850,0.83418,1.37031
1851,0.83418,1.37031
1852,0.83418,1.37031
1853,0.83418,1.37031
1854,0.462109,0.551562
1855,0.436328,0.0128906
1856,0.495508,0.211523
1857,0.495508,0.211523
1858,0.508398,0.224414
1859,0.0925781,0.224414
1860,0.0925781,0.224414
1861,0.0681641,0.0410156
1862,0.280859,0.0410156
1863,0.74082,1.16367
1864,1.14844,1.17656
1865,1.18574,1.52949
1866,1.19863,1.55527
1867,1.19863,1.55527
1868,1.19863,1.55527
1869,0.375586,2.81953
1870,0.7625,7.74102
1871,0.852734,9.72891
1872,1.03164,10.8648
1873,1.05137,10.9035
1874,1.30898,8.60938
1875,1.11426,3.68613
1876,1.24824,1.94687
1877,1.1418,1.19297
1878,1.19453,1.52031
1879,1.19238,1.49219
1880,0.816992,1.60938
1881,0.90957,2.55918
1882,0.90957,2.55918
1883,1.70117,2.46328
1884,1.59766,2.87461
1885,1.72891,1.81973
1886,2.19727,2.10527
1887,2.07363,2.27559
1888,2.07363,2.28848
1889,2.07363,2.28848
1890,2.07363,2.28848
1891,0.87207,1.09512
1892,0.87207,1.09512
1893,0.87207,1.09512
1894,0.489648,0.252148
1895,0.489648,0.265039
1896,0.489648,0.265039
1897,0.994727,3.92637
1898,1.02051,4.39336
1899,1.02051,4.39336
1900,0.791406,4.42461
1901,1.28437,4.70703
1902,1.28437,4.70703
1903,1.28437,4.70703
1904,0.967969,0.591602
1905,1.36074,1.10273
1906,1.39414,1.37754
1907,1.99238,1.89141
1908,1.99238,1.89141
1909,1.07734,7.25176
1910,1.09824,15.7805
1911,1.52637,23.732
1912,1.36055,31.4537
1913,1.4957,33.5102
1914,1.58711,32.0902
1915,2.44102,38.9059
1916,2.10781,31.8344
1917,1.84297,27.0348
1918,1.68164,22.5063
1919,1.53008,17.9625
1920,0.812109,13.7156
1921,0.719141,12.2395
1922,0.684766,11.9402
1923,0.862891,14.8277
1924,0.836328,14.8277
1925,1.69238,13.6789
1926,1.98203,17.1641
1927,2.3043,24.2637
1928,2.37812,25.6488
1929,2.76504,31.948
1930,1.96992,32.2578
1931,1.29141,23.3898
1932,1.00898,22.8219
1933,0.8375,25.0551
1934,0.90918,30.7348
1935,1.49004,34.4395
1936,1.56738,36.9953
1937,1.6457,36.6984
1938,1.48359,35.8465
1939,1.71504,42.9836
1940,0.967383,32.7215
1941,1.32891,35.9457
1942,1.32891,35.9457
1943,1.24941,19.1467
1944,1.24941,19.1467
1945,1.33984,4.31055
1946,1.33984,4.31055
1947,1.33984,4.31055
1948,1.33984,4.31055
1949,1.33984,4.31055
1950,1.33984,4.31055
1951,0.0257812,0.0257812
1952,0.0257812,0.0257812
1953,0.0257812,0.0257812
1954,0.0386719,0.0386719
1955,0.472461,0.271484
1956,0.467187,0.245703
1957,0.480078,0.266211
1958,0.480078,0.266211
1959,0.480078,0.266211
1960,0.480078,0.266211
1961,0.676172,1.38145
1962,0.676172,1.38145
1963,0.910937,1.61094
1964,0.956445,1.65566
1965,0.788672,0.538477
1966,0.801562,0.571875
1967,0.801562,0.571875
1968,0.801562,0.571875
1969,0.801562,0.571875
1970,0.801562,0.571875
1971,0.801562,0.571875
1972,0.801562,0.571875
1973,0.0537109,0.0375
1974,0.0537109,0.0375
1975,0.461328,0.290039
1976,0.461328,0.290039
1977,0.461328,0.290039
1978,0.461328,0.290039
1979,0.461328,0.290039
1980,0.461328,0.290039
1981,0.607813,0.269336
1982,0.641211,0.536719
1983,0.916016,0.799414
1984,0.916016,0.799414
1985,1.38027,1.07109
1986,1.38027,1.07109
1987,1.38027,1.07109
1988,1.38027,1.07109
1989,1.38027,1.07109
1990,1.38027,1.07109
1991,1.38027,1.07109
1992,1.38027,1.07109
1993,0.0128906,0.0128906
1994,0.0257812,0.0257812
1995,0.458008,0.269336
1996,0.473242,0.302734
1997,0.473242,0.302734
1998,0.473242,0.302734
1999,0.473242,0.302734
2000,0.473242,0.302734
2001,0.245508,0.228125
2002,0.675586,0.493555
2003,0.969531,1.07109
2004,0.969531,1.07109
2005,1.43359,1.32676
2006,1.43359,1.32676
2007,1.43359,1.32676
2008,1.43359,1.32676
2009,1.43359,1.32676
2010,1.43359,1.32676
2011,1.43359,1.32676
2012,1.43359,1.32676
2013,0.0128906,0.0128906
2014,0.0128906,0.0128906
2015,0.452344,0.261133
2016,0.465234,0.281641
2017,0.465234,0.281641
2018,0.465234,0.281641
2019,0.465234,0.281641
2020,0.465234,0.281641
2021,0.19668,0.0386719
2022,0.660547,0.580469
2023,0.905078,0.580469
2024,0.958984,0.848633
2025,1.43262,1.13437
2026,1.43262,1.13437
2027,1.43262,1.13437
2028,1.43262,1.13437
2029,1.43262,1.13437
2030,1.43262,1.13437
2031,1.43262,1.13437
2032,1.43262,1.13437
2033,1.43262,1.13437
2034,1.43262,1.13437
2035,0.410352,0.255078
2036,0.410352,0.255078
2037,0.410352,0.255078
2038,0.410352,0.255078
2039,0.410352,0.255078
2040,0.410352,0.255078
2041,0.410352,0.255078
2042,0.633984,0.549023
2043,0.633984,0.549023
2044,1.1834,1.14707
2045,1.1834,1.14707
2046,1.52578,4.55352
2047,1.83906,6.16836
2048,1.83906,6.16836
2049,1.30254,5.5832
2050,1.30254,5.5832
2051,0.75293,2.52578
2052,0.75293,2.52578
2053,0.439648,0.355859
2054,0.439648,0.355859
2055,0.439648,0.355859
2056,0.670313,0.274609
2057,0.670313,0.274609
2058,0.670313,0.274609
2059,0.670313,0.274609
2060,0.670313,0.274609
2061,0.670313,0.274609
2062,0.55625,1.28184
2063,0.55625,1.29473
2064,1.43809,1.56973
2065,1.51426,1.86992
2066,2.01875,2.09258
2067,2.01875,2.09258
2068,2.01875,2.09258
2069,1.05918,2.13086
2070,1.05918,2.13086
2071,1.05918,2.13086
2072,1.05918,2.13086
2073,1.05918,2.13086
2074,1.05918,2.13086
2075,0.0128906,0.0128906
2076,0.44375,0.265234
2077,0.507617,0.315625
2078,0.507617,0.315625
2079,0.520508,0.328516
2080,0.520508,0.328516
2081,0.520508,0.328516
2082,0.252344,0.252148
2083,0.676758,0.581641
2084,0.912109,0.56875
2085,0.945508,0.814258
2086,1.40039,1.0459
2087,1.40039,1.0459
2088,1.40039,1.0459
2089,1.40039,1.0459
2090,1.40039,1.0459
2091,1.40039,1.0459
2092,1.40039,1.0459
2093,1.40039,1.0459
2094,1.40039,1.0459
2095,1.40039,1.0459
2096,1.40039,1.0459
2097,0.417383,0.252344
2098,0.417383,0.252344
2099,0.417383,0.252344
2100,0.417383,0.252344
2101,0.417383,0.252344
2102,0.213281,0.255078
2103,0.649609,0.610156
2104,0.803711,0.913672
2105,1.57559,2.79902
2106,1.57559,2.79902
2107,1.82871,2.79434
2108,1.82871,2.79434
2109,1.82871,2.79434
2110,0.499805,0.283789
2111,0.499805,0.283789
2112,0.499805,0.283789
2113,0.499805,0.283789
2114,0.499805,0.283789
2115,0.499805,0.283789
2116,0.499805,0.283789
2117,0.499805,0.283789
2118,0.402148,0.280664
2119,0.402148,0.280664
2120,0.402148,0.280664
2121,0.402148,0.280664
2122,0.615039,0.523633
2123,0.637305,0.530664
2124,0.637305,0.530664
2125,0.931836,0.785547
2126,0.931836,0.785547
2127,0.931836,0.785547
2128,0.770898,0.522656
2129,0.770898,0.522656
2130,0.770898,0.522656
2131,0.770898,0.522656
2132,0.770898,0.522656
2133,0.0386719,0.0386719
2134,0.0386719,0.0386719
2135,0.0386719,0.0386719
2136,0.0386719,0.0386719
2137,0.0386719,0.0386719
2138,0.423047,0.237109
2139,0.423047,0.237109
2140,0.423047,0.237109
2141,0.423047,0.237109
2142,1.13926,3.64238
2143,1.67754,8.29512
2144,2.1375,12.5309
2145,2.77383,16.5219
2146,2.34824,16.1434
2147,2.34824,16.1562
2148,1.97988,7.8998
2149,1.97988,7.8998
2150,1.97988,7.8998
2151,1.97988,7.8998
2152,1.97988,7.8998
2153,1.97988,7.8998
2154,1.97988,7.8998
2155,1.97988,7.8998
2156,0.0128906,0.0128906
2157,0.0128906,0.0128906
2158,0.42793,0.276367
2159,0.42793,0.289258
2160,0.42793,0.289258
2161,0.44082,0.302148
2162,0.44082,0.302148
2163,0.0605469,0.0734375
2164,0.332812,0.311914
2165,0.332812,0.311914
2166,0.948242,1.40313
2167,0.986914,1.6377
2168,1.16289,1.5834
2169,1.19629,1.6168
2170,1.19629,1.6168
2171,1.19629,1.6168
2172,1.19629,1.6168
2173,1.19629,1.6168
2174,0.0128906,0.0128906
2175,0.0128906,0.0128906
2176,0.0128906,0.0128906
2177,0.0128906,0.0128906
2178,0.491406,0.242383
2179,0.491406,0.242383
2180,0.491406,0.242383
2181,0.491406,0.242383
2182,0.491406,0.242383
2183,0.491406,0.242383
2184,0.22793,0.225586
2185,0.248437,0.258984
2186,0.248437,0.258984
2187,0.851758,0.771484
2188,1.13145,0.984961
2189,1.14434,1.01074
2190,1.14434,1.01074
2191,1.14434,1.01074
2192,0.520508,0.265039
2193,0.520508,0.265039
2194,0.520508,0.265039
2195,0.520508,0.265039
2196,0.520508,0.265039
2197,0.0128906,0.0128906
2198,0.0128906,0.0128906
2199,0.431641,0.251563
2200,0.431641,0.251563
2201,0.431641,0.251563
2202,0.431641,0.251563
2203,0.431641,0.251563
2204,0.0462891,0.0462891
2205,0.259766,0.303711
2206,0.259766,0.303711
2207,0.830859,1.12246
2208,0.830859,1.12246
2209,1.11133,1.12188
2210,1.11133,1.12188
2211,1.11133,1.12188
2212,1.11133,1.12188
2213,1.11133,1.12188
2214,1.11133,1.12188
2215,0.0128906,0.0128906
2216,0.0128906,0.0128906
2217,0.0257812,0.0257812
2218,0.0257812,0.0257812
2219,0.432813,0.0644531
2220,0.466211,0.275195
2221,0.517187,0.32793
2222,0.539062,0.349805
2223,0.539062,0.349805
2224,0.539062,0.349805
2225,0.324609,0.34668
2226,0.324609,0.34668
2227,0.827734,0.822266
2228,0.827734,0.822266
2229,1.09258,0.795313
2230,1.09258,0.795313
2231,1.09258,0.795313
2232,0.516602,0.245117
2233,0.516602,0.245117
2234,0.516602,0.245117
2235,0.516602,0.245117
2236,0.516602,0.245117
2237,0.516602,0.245117
2238,0.516602,0.245117
2239,0.480469,0.0914062
2240,0.513867,0.289062
2241,0.513867,0.289062
2242,0.513867,0.289062
2243,0.513867,0.289062
2244,0.513867,0.289062
2245,0.229883,0.277344
2246,0.229883,0.277344
2247,0.819531,0.791211
2248,0.819531,0.804102
2249,0.819531,0.804102
2250,1.08066,0.56543
2251,1.11406,0.811133
2252,1.11406,0.811133
2253,1.11406,0.811133
2254,1.11406,0.811133
2255,1.11406,0.811133
2256,1.11406,0.811133
2257,1.11406,0.811133
2258,1.11406,0.811133
2259,1.11406,0.811133
2260,0.487695,0.31582
2261,0.487695,0.328711
2262,0.487695,0.328711
2263,0.521094,0.349219
2264,0.521094,0.349219
2265,0.316602,0.606055
2266,0.316602,0.606055
2267,0.875586,0.542383
2268,0.921875,1.65781
2269,0.921875,1.65781
2270,1.12578,1.35586
2271,1.15918,1.60664
2272,1.15918,1.60664
2273,1.15918,1.60664
2274,1.15918,1.60664
2275,0.54082,0.291797
2276,0.54082,0.291797
2277,0.54082,0.291797
2278,0.54082,0.291797
2279,0.54082,0.291797
2280,0.376563,0
2281,0.409961,0.240039
2282,0.409961,0.240039
2283,0.409961,0.240039
2284,0.409961,0.240039
2285,0.626758,0.466016
2286,0.626758,0.466016
2287,0.42832,0.225977
2288,0.879687,0.788867
2289,0.879687,0.788867
2290,0.879687,0.788867
2291,1.18398,0.873242
2292,1.18398,0.873242
2293,0.533984,0.323242
2294,0.533984,0.323242
2295,0.533984,0.323242
2296,0.533984,0.323242
2297,0.533984,0.323242
2298,0.533984,0.323242
2299,0.533984,0.323242
2300,0.533984,0.323242
2301,0.433398,0.247656
2302,0.433398,0.247656
2303,0.433398,0.247656
2304,0.433398,0.247656
2305,0.676562,0.501758
2306,0.676562,0.501758
2307,0.676562,0.501758
2308,0.925,1.15449
2309,0.925,1.15449
2310,0.925,1.15449
2311,0.925,1.15449
2312,1.25801,1.19648
2313,1.25801,1.19648
2314,1.25801,1.19648
2315,1.25801,1.19648
2316,0.627148,0.348828
2317,0.627148,0.348828
2318,0.627148,0.348828
2319,0.627148,0.348828
2320,0.627148,0.348828
2321,0.0128906,0.0128906
2322,0.418555,0.246484
2323,0.418555,0.246484
2324,0.418555,0.246484
2325,0.589063,0.259375
2326,0.622461,0.463477
2327,0.622461,0.463477
2328,0.819922,0.229883
2329,1.09121,0.735156
2330,1.09121,0.735156
2331,1.09121,0.735156
2332,1.3748,0.763281
2333,1.3748,0.763281
2334,1.3748,0.763281
2335,1.3748,0.763281
2336,1.3748,0.763281
2337,1.3748,0.763281
2338,1.3748,0.763281
2339,1.3748,0.763281
2340,1.3748,0.763281
2341,1.3748,0.763281
2342,0.427344,0.286133
2343,0.427344,0.286133
2344,0.427344,0.286133
2345,0.427344,0.286133
2346,0.670117,0.508398
2347,0.670117,0.508398
2348,0.670117,0.508398
2349,0.91875,0.797266
2350,0.91875,0.797266
2351,0.91875,0.797266
2352,1.16738,0.816992
2353,1.16738,0.816992
2354,1.16738,0.816992
2355,1.16738,0.816992
2356,1.16738,0.816992
2357,1.16738,0.816992
2358,1.16738,0.816992
2359,1.16738,0.816992
2360,1.16738,0.816992
2361,1.16738,0.816992
2362,0.404492,0.258984
2363,0.404492,0.258984
2364,0.404492,0.258984
2365,0.404492,0.258984
2366,0.621484,0.457422
2367,1.14961,3.50508
2368,1.90391,4.03555
2369,3.02227,6.13027
2370,3.08828,7.34043
2371,3.08828,7.34043
2372,2.45,4.08418
2373,2.45,4.08418
2374,1.04609,2.96523
2375,1.07949,3.11973
2376,1.24023,5.99102
2377,1.28652,6.30566
2378,1.53535,6.58984
2379,1.53535,6.58984
2380,1.53535,6.58984
2381,1.53535,6.58984
2382,0.903906,0.569336
2383,0.903906,0.569336
2384,0.903906,0.569336
2385,0.903906,0.569336
2386,0.904688,0.539844
2387,0.904688,0.539844
2388,0.904688,0.539844
2389,0.494727,0.499609
2390,0.726953,0.821875
2391,0.726953,0.821875
2392,1.11152,0.818359
2393,1.11152,0.818359
2394,1.11152,0.818359
2395,1.11152,0.818359
2396,1.11152,0.818359
2397,1.11152,0.818359
2398,0.0128906,0.0128906
2399,0.0128906,0.0128906
2400,0.0128906,0.0128906
2401,0.0128906,0.0128906
2402,0.463281,0.263867
2403,0.463281,0.263867
2404,0.463281,0.263867
2405,0.476172,0.276758
2406,0.243555,0.243164
2407,0.243555,0.243164
2408,0.243555,0.243164
2409,0.243555,0.243164
2410,0.880469,1.1875
2411,0.880469,1.1875
2412,1.14883,1.25879
2413,1.14883,1.25879
2414,1.14883,1.25879
2415,1.14883,1.25879
2416,1.14883,1.25879
2417,1.14883,1.25879
2418,1.14883,1.25879
2419,1.14883,1.25879
2420,1.14883,1.25879
2421,1.14883,1.25879
2422,0.400586,0.268359
2423,0.400586,0.268359
2424,0.400586,0.268359
2425,0.400586,0.268359
2426,0.209961,0.0128906
2427,0.243359,0.260352
2428,0.289648,0.29375
2429,0.289648,0.29375
2430,0.95918,0.794336
2431,0.95918,0.794336
2432,1.19902,0.808789
2433,1.17852,0.801172
2434,1.17852,0.801172
2435,0.529492,0.313477
2436,0.529492,0.313477
2437,0.529492,0.313477
2438,0.529492,0.313477
2439,0.529492,0.313477
2440,0.529492,0.313477
2441,0.529492,0.313477
2442,0.441602,0.308398
2443,0.441602,0.308398
2444,0.441602,0.308398
2445,0.441602,0.308398
2446,0.441602,0.308398
2447,0.217187,0.261133
2448,0.217187,0.261133
2449,0.217187,0.261133
2450,0.887695,0.760156
2451,0.887695,0.760156
2452,1.14609,0.763672
2453,1.14609,0.763672
2454,1.14609,0.763672
2455,1.14609,0.763672
2456,0.488477,0.277539
2457,0.488477,0.277539
2458,0.488477,0.277539
2459,0.488477,0.277539
2460,0.488477,0.277539
2461,0.0128906,0.0128906
2462,0.413086,0.234961
2463,0.413086,0.234961
2464,0.413086,0.234961
2465,0.413086,0.234961
2466,0.413086,0.234961
2467,0.230078,0.27793
2468,0.230078,0.27793
2469,0.230078,0.27793
2470,0.8625,0.553711
2471,0.908789,1.7127
2472,1.16934,1.65977
2473,1.16934,1.65977
2474,1.16934,1.65977
2475,1.16934,1.65977
2476,1.16934,1.65977
2477,1.16934,1.65977
2478,1.16934,1.65977
2479,1.16934,1.65977
2480,1.16934,1.65977
2481,1.16934,1.65977
2482,0.40332,0.222852
2483,0.40332,0.222852
2484,0.416211,0.235742
2485,0.416211,0.235742
2486,0.416211,0.235742
2487,0.378516,0.265625
2488,0.421875,0.370508
2489,0.421875,0.370508
2490,0.705859,0.603125
2491,1.15645,0.89668
2492,1.18848,0.539062
2493,1.25,0.784766
2494,1.25,0.784766
2495,0.529883,0.258594
2496,1.38027,3.56855
2497,1.90527,4.68105
2498,1.41035,4.43535
2499,1.62012,4.42246
2500,1.62012,4.42246
2501,0.775781,1.1125
2502,0.460547,0
2503,0.460547,0
2504,0.460547,0
2505,0.460547,0
2506,0.230273,0
2507,0.230273,0
2508,1.05879,0.0503906
2509,1.33359,0.0648438
2510,2.58359,1.24355
2511,3.20703,2.78848
2512,2.99727,2.80137
2513,2.99727,2.80137
2514,2.59727,2.78809
2515,1.40645,1.85469
2516,0.951367,0.299219
2517,1.10684,0.420703
2518,1.11973,0.446484
2519,1.11973,0.446484
2520,1.11973,0.446484
2521,1.11973,0.446484
2522,1.11973,0.446484
2523,1.11973,0.446484
2524,0.445703,0.217383
2525,0.445703,0.217383
2526,0.445703,0.217383
2527,0.445703,0.217383
2528,0.648438,0.217383
2529,0.236133,0.280664
2530,0.416016,0.280664
2531,0.600195,0.293555
2532,1.36719,1.30293
2533,1.60215,1.52852
2534,2.19395,2.77168
2535,2.6582,6.86309
2536,2.45273,9.47578
2537,3.45449,15.2082
2538,3.32773,18.8359
2539,3.26582,21.2965
2540,3.79355,26.7578
2541,3.15195,24.233
2542,3.15195,24.233
2543,3.15195,24.233
2544,1.16406,7.04824
2545,1.16406,7.04824
2546,0.538477,0.254883
2547,0.538477,0.254883
2548,0.538477,0.254883
2549,0.538477,0.254883
2550,0.538477,0.254883
2551,0.538477,0.254883
2552,0.642773,0.268359
2553,0.676172,0.549609
2554,1.15762,0.785547
2555,1.15762,0.785547
2556,1.15762,0.785547
2557,1.15762,0.785547
2558,1.15762,0.785547
2559,1.15762,0.785547
2560,1.15762,0.785547
2561,0.472266,0.612695
2562,0.472266,0.612695
2563,0.472266,0.612695
2564,0.931836,0.839648
2565,0.964453,0.871484
2566,0.964453,0.871484
2567,0.964453,0.871484
2568,0.964453,0.871484
2569,0.0455078,0.0447266
2570,0.0455078,0.0447266
2571,0.0455078,0.0447266
2572,0.192773,0.0410156
2573,0.495313,1.525
2574,1.19434,1.73242
2575,1.19434,1.73242
2576,1.19434,1.73242
2577,1.19434,1.73242
2578,1.19434,1.73242
2579,1.19434,1.73242
2580,1.19434,1.73242
2581,0.71582,2.33496
2582,1.40801,4.3748
2583,1.65215,4.99121
2584,2.37871,5.25918
2585,2.37871,5.25918
2586,2.37871,5.25918
2587,2.37871,5.25918
2588,2.37871,5.25918
2589,2.37871,5.25918
2590,2.37871,5.25918
2591,2.37871,5.25918
2592,2.37871,5.25918
2593,0.458203,0.656055
2594,1.1668,0.958984
2595,1.1668,0.958984
2596,1.1668,0.958984
2597,1.1668,0.958984
2598,1.1668,0.958984
2599,1.1668,0.958984
2600,1.1668,0.958984
2601,1.1668,0.958984
2602,1.1668,0.958984
2603,0.52793,0.636133
2604,1.27051,4.82168
2605,1.67832,5.03125
2606,1.75742,5.38555
2607,2.0627,6.00352
2608,2.0627,6.00352
2609,2.0627,6.00352
2610,2.0627,6.00352
2611,2.0627,6.00352
2612,2.0627,6.00352
2613,0.642773,0.694727
2614,0.663281,0.724023
2615,1.1918,0.987695
2616,1.1918,0.987695
2617,1.1918,0.987695
2618,1.1918,0.987695
2619,1.1918,0.987695
2620,1.1918,0.987695
2621,0.0128906,0.0128906
2622,0.0128906,0.0128906
2623,0.0128906,0.0128906
2624,0.0128906,0.0128906
2625,0.707031,0.244727
2626,0.709375,0.265234
2627,0.98418,0.863477
2628,0.98418,0.863477
2629,0.98418,0.863477
2630,0.98418,0.863477
2631,0.98418,0.863477
2632,0.98418,0.863477
2633,0.251953,0.274023
2634,0.517383,0.45625
2635,1.23848,0.852539
2636,1.23848,0.852539
2637,1.23848,0.852539
2638,1.23848,0.852539
2639,1.23848,0.852539
2640,1.23848,0.852539
2641,1.23848,0.852539
2642,1.23848,0.852539
2643,1.23848,0.852539
2644,1.23848,0.852539
2645,0.485547,0.244922
2646,0.485547,0.244922
2647,0.727148,0.636719
2648,0.760547,0.862891
2649,0.773438,0.875781
2650,0.773438,0.875781
2651,0.773438,0.875781
2652,0.773438,0.875781
2653,0.252344,0.25332
2654,0.252344,0.25332
2655,0.911328,0.948047
2656,0.911328,0.948047
2657,0.911328,0.948047
2658,0.911328,0.948047
2659,0.911328,0.948047
2660,0.911328,0.948047
2661,0.911328,0.948047
2662,0.0128906,0.0128906
2663,0.0128906,0.0128906
2664,0.0462891,0.0462891
2665,0.771094,0.304102
2666,0.771094,0.304102
2667,0.771094,0.304102
2668,1.0332,0.895508
2669,0.9125,1.2793
2670,1.46328,3.42266
2671,1.46328,3.42266
2672,1.46328,3.42266
2673,1.40156,3.07363
2674,1.40156,3.07363
2675,1.10078,1.64648
2676,1.95156,6.25898
2677,2.29551,11.1494
2678,2.75371,14.4529
2679,2.77324,13.8127
2680,4.59199,14.8439
2681,3.32441,7.13613
2682,3.53066,16.5076
2683,2.41934,22.0131
2684,0.819727,31.2053
2685,0.904688,39.2027
2686,0.904688,39.1898
2687,0.891797,38.6219
2688,0.904688,39.1898
2689,0.876562,38.6219
